"","SiteIdentification","Easting","Northing","Spacing","YieldClass","elevation","StemsPerHa","Height","Thinning","SoilMoistureRegime","SoilNutrientRegime","plantingYear","Year","mean_dbh_cm","dbhSD_cm","mean_ba_cm","baSD_cm","lon","lat"
"1","2013",320670,524315,1.7,22,320,1598.745274,23.4769784172662,"1","Fresh","Poor",1973,"1977",0.213732705328689,0.675882159308263,3.58782991904496,11.3457144014796,-3.22969852931465,54.6077438645613
"2","2013",320670,524315,1.7,22,320,1598.745274,23.4769784172662,"1","Fresh","Poor",1973,"1978",0.374423026334012,1.18402957162868,11.0107012642527,34.8188946307341,-3.22969852931465,54.6077438645613
"3","2013",320670,524315,1.7,22,320,1598.745274,23.4769784172662,"1","Fresh","Poor",1973,"1979",0.793751757301722,1.81569281566692,28.2516218403019,74.0078921557187,-3.22969852931465,54.6077438645613
"4","2013",320670,524315,1.7,22,320,1598.745274,23.4769784172662,"1","Fresh","Poor",1973,"1980",1.05388773055725,2.33462698366505,47.2504503262327,115.953071023875,-3.22969852931465,54.6077438645613
"5","2013",320670,524315,1.7,22,320,1598.745274,23.4769784172662,"1","Fresh","Poor",1973,"1981",1.45825405852048,2.86754171789065,74.8250468032082,174.113471510393,-3.22969852931465,54.6077438645613
"6","2013",320670,524315,1.7,22,320,1598.745274,23.4769784172662,"1","Fresh","Poor",1973,"1982",1.84565138503225,3.40730584632605,108.818398782299,232.957420688302,-3.22969852931465,54.6077438645613
"7","2013",320670,524315,1.7,22,320,1598.745274,23.4769784172662,"1","Fresh","Poor",1973,"1983",2.43964263912545,4.0215963412611,161.067645992293,324.529156022012,-3.22969852931465,54.6077438645613
"8","2013",320670,524315,1.7,22,320,1598.745274,23.4769784172662,"1","Fresh","Poor",1973,"1984",3.43987722225923,4.35451668461607,226.967418854152,417.972352691826,-3.22969852931465,54.6077438645613
"9","2013",320670,524315,1.7,22,320,1598.745274,23.4769784172662,"1","Fresh","Poor",1973,"1985",4.50992163897506,4.77895932361956,321.180726391363,516.08313672636,-3.22969852931465,54.6077438645613
"10","2013",320670,524315,1.7,22,320,1598.745274,23.4769784172662,"1","Fresh","Poor",1973,"1986",6.28612719292185,4.70802763203357,467.03204512512,611.558394182773,-3.22969852931465,54.6077438645613
"11","2013",320670,524315,1.7,22,320,1598.745274,23.4769784172662,"1","Fresh","Poor",1973,"1987",7.71883505357667,4.88929138847485,636.9191734024,700.148061688756,-3.22969852931465,54.6077438645613
"12","2013",320670,524315,1.7,22,320,1598.745274,23.4769784172662,"1","Fresh","Poor",1973,"1988",8.99474980831709,5.01335991311718,813.090705507103,759.045156627536,-3.22969852931465,54.6077438645613
"13","2013",320670,524315,1.7,22,320,1598.745274,23.4769784172662,"1","Fresh","Poor",1973,"1989",10.2316735096853,4.56759053288984,969.68192880789,805.106740786118,-3.22969852931465,54.6077438645613
"14","2013",320670,524315,1.7,22,320,1598.745274,23.4769784172662,"1","Fresh","Poor",1973,"1990",11.7779260660439,4.35389664636793,1223.49574726825,862.275087654827,-3.22969852931465,54.6077438645613
"15","2013",320670,524315,1.7,22,320,1598.745274,23.4769784172662,"1","Fresh","Poor",1973,"1991",13.2987718597339,4.24569178842847,1516.45181507072,937.289159483782,-3.22969852931465,54.6077438645613
"16","2013",320670,524315,1.7,22,320,1598.745274,23.4769784172662,"1","Fresh","Poor",1973,"1992",14.7435180455163,4.07484354043877,1824.59962235885,992.731277219249,-3.22969852931465,54.6077438645613
"17","2013",320670,524315,1.7,22,320,1598.745274,23.4769784172662,"1","Fresh","Poor",1973,"1993",16.0258574637004,4.00985669860666,2130.77864442466,1056.94258234783,-3.22969852931465,54.6077438645613
"18","2013",320670,524315,1.7,22,320,1598.745274,23.4769784172662,"1","Fresh","Poor",1973,"1994",17.0689218423964,3.94446776774743,2398.22143050913,1098.70908062898,-3.22969852931465,54.6077438645613
"19","2013",320670,524315,1.7,22,320,1598.745274,23.4769784172662,"1","Fresh","Poor",1973,"1995",17.9642959424105,3.89163864689409,2641.65762302542,1132.99204844931,-3.22969852931465,54.6077438645613
"20","2013",320670,524315,1.7,22,320,1598.745274,23.4769784172662,"1","Fresh","Poor",1973,"1996",19.0239324614613,3.93333641669031,2951.79355434323,1207.89379745747,-3.22969852931465,54.6077438645613
"21","2013",320670,524315,1.7,22,320,1598.745274,23.4769784172662,"1","Fresh","Poor",1973,"1997",20.2654937826644,4.02115268248083,3339.85024279073,1308.90294622158,-3.22969852931465,54.6077438645613
"22","2013",320670,524315,1.7,22,320,1598.745274,23.4769784172662,"1","Fresh","Poor",1973,"1998",21.2108303624398,4.24817838394454,3661.06789735933,1443.15179210931,-3.22969852931465,54.6077438645613
"23","2013",320670,524315,1.7,22,320,1598.745274,23.4769784172662,"1","Fresh","Poor",1973,"1999",22.1805122724907,4.4014017856256,4000.8985794321,1555.01618188827,-3.22969852931465,54.6077438645613
"24","2013",320670,524315,1.7,22,320,1598.745274,23.4769784172662,"1","Fresh","Poor",1973,"2000",23.0987310233531,4.47776681581638,4332.23059448009,1631.84084775227,-3.22969852931465,54.6077438645613
"25","2013",320670,524315,1.7,22,320,1598.745274,23.4769784172662,"1","Fresh","Poor",1973,"2001",23.989715574172,4.62269261565998,4671.06770368467,1738.85871687396,-3.22969852931465,54.6077438645613
"26","2013",320670,524315,1.7,22,320,1598.745274,23.4769784172662,"1","Fresh","Poor",1973,"2002",24.7120769378855,4.71294184400425,4953.32860131694,1828.30873499257,-3.22969852931465,54.6077438645613
"27","2013",320670,524315,1.7,22,320,1598.745274,23.4769784172662,"1","Fresh","Poor",1973,"2003",25.3689774435048,4.84752383951332,5220.80591916038,1936.14750482093,-3.22969852931465,54.6077438645613
"28","2013",320670,524315,1.7,22,320,1598.745274,23.4769784172662,"1","Fresh","Poor",1973,"2004",26.1155593415123,4.98165644688513,5532.01205139975,2053.63088795314,-3.22969852931465,54.6077438645613
"29","2013",320670,524315,1.7,22,320,1598.745274,23.4769784172662,"1","Fresh","Poor",1973,"2005",26.7041832651555,5.19911517260086,5791.84903287444,2203.40632028206,-3.22969852931465,54.6077438645613
"30","2013",320670,524315,1.7,22,320,1598.745274,23.4769784172662,"1","Fresh","Poor",1973,"2006",27.2658725836651,5.44145513800788,6048.16510412341,2365.28298945036,-3.22969852931465,54.6077438645613
"31","2013",320670,524315,1.7,22,320,1598.745274,23.4769784172662,"1","Fresh","Poor",1973,"2007",27.892758185234,5.66684234357779,6337.43865754695,2525.95811379925,-3.22969852931465,54.6077438645613
"32","2013",320670,524315,1.7,22,320,1598.745274,23.4769784172662,"1","Fresh","Poor",1973,"2008",28.4038467793476,5.81898659568737,6575.77012768257,2642.19234250764,-3.22969852931465,54.6077438645613
"33","2013",320670,524315,1.7,22,320,1598.745274,23.4769784172662,"1","Fresh","Poor",1973,"2009",29.0929637779655,5.98233605235527,6900.5872084168,2766.59168521128,-3.22969852931465,54.6077438645613
"34","2013",320670,524315,1.7,22,320,1598.745274,23.4769784172662,"1","Fresh","Poor",1973,"2010",29.7849317056697,6.15055147661301,7234.99765335076,2887.57050165343,-3.22969852931465,54.6077438645613
"35","2013",320670,524315,1.7,22,320,1598.745274,23.4769784172662,"1","Fresh","Poor",1973,"2011",30.4768254401705,6.42999664191202,7587.31743793793,3072.64074846259,-3.22969852931465,54.6077438645613
"36","2042",318585,524934,2,12,280,1121.122401,21.4163716814159,"1","Fresh","Poor",1964,"1971",0.204894563139395,0.45586195256405,1.81348493048337,4.03476086497985,-3.26214192105886,54.612973126587
"37","2042",318585,524934,2,12,280,1121.122401,21.4163716814159,"1","Fresh","Poor",1964,"1972",0.4828639052602,0.885977501895254,7.43578881326273,15.6970872577146,-3.26214192105886,54.612973126587
"38","2042",318585,524934,2,12,280,1121.122401,21.4163716814159,"1","Fresh","Poor",1964,"1973",0.94546094596022,1.3125345098689,19.3210295819883,33.1380255665808,-3.26214192105886,54.612973126587
"39","2042",318585,524934,2,12,280,1121.122401,21.4163716814159,"1","Fresh","Poor",1964,"1974",1.66791573941787,1.80073196084391,45.0016925583415,62.4333650264814,-3.26214192105886,54.612973126587
"40","2042",318585,524934,2,12,280,1121.122401,21.4163716814159,"1","Fresh","Poor",1964,"1975",2.46086598387837,2.48708300162656,91.7275753217116,107.670227405429,-3.26214192105886,54.612973126587
"41","2042",318585,524934,2,12,280,1121.122401,21.4163716814159,"1","Fresh","Poor",1964,"1976",3.77708589370422,2.8222570577691,168.918799802763,159.567531294938,-3.26214192105886,54.612973126587
"42","2042",318585,524934,2,12,280,1121.122401,21.4163716814159,"1","Fresh","Poor",1964,"1977",5.07142190809851,3.45299289699558,287.130231198791,224.377350370407,-3.26214192105886,54.612973126587
"43","2042",318585,524934,2,12,280,1121.122401,21.4163716814159,"1","Fresh","Poor",1964,"1978",7.20788298069566,3.8082654604804,511.592802666311,312.307152722614,-3.26214192105886,54.612973126587
"44","2042",318585,524934,2,12,280,1121.122401,21.4163716814159,"1","Fresh","Poor",1964,"1979",8.87738627013434,4.98429656081022,796.336602783144,608.814083842904,-3.26214192105886,54.612973126587
"45","2042",318585,524934,2,12,280,1121.122401,21.4163716814159,"1","Fresh","Poor",1964,"1980",10.0430543677133,5.7834686073023,1030.99748315136,868.441902841572,-3.26214192105886,54.612973126587
"46","2042",318585,524934,2,12,280,1121.122401,21.4163716814159,"1","Fresh","Poor",1964,"1981",10.9622645240492,6.43233860815031,1239.23940551581,1103.53892199524,-3.26214192105886,54.612973126587
"47","2042",318585,524934,2,12,280,1121.122401,21.4163716814159,"1","Fresh","Poor",1964,"1982",11.8398664988457,7.01910208359544,1452.7615260317,1351.93855123295,-3.26214192105886,54.612973126587
"48","2042",318585,524934,2,12,280,1121.122401,21.4163716814159,"1","Fresh","Poor",1964,"1983",12.609665426985,7.23154260926427,1622.19875811787,1518.66127575486,-3.26214192105886,54.612973126587
"49","2042",318585,524934,2,12,280,1121.122401,21.4163716814159,"1","Fresh","Poor",1964,"1984",13.2464852669473,7.45273636198928,1774.71131113977,1668.0882857273,-3.26214192105886,54.612973126587
"50","2042",318585,524934,2,12,280,1121.122401,21.4163716814159,"1","Fresh","Poor",1964,"1985",13.9407584408795,7.21647194020927,1898.21231177084,1767.80377042605,-3.26214192105886,54.612973126587
"51","2042",318585,524934,2,12,280,1121.122401,21.4163716814159,"1","Fresh","Poor",1964,"1986",14.5778854127753,7.15196074532109,2034.3009087585,1887.01885802087,-3.26214192105886,54.612973126587
"52","2042",318585,524934,2,12,280,1121.122401,21.4163716814159,"1","Fresh","Poor",1964,"1987",15.3052236907821,7.03656585895352,2193.3180374065,1997.36087931219,-3.26214192105886,54.612973126587
"53","2042",318585,524934,2,12,280,1121.122401,21.4163716814159,"1","Fresh","Poor",1964,"1988",15.9600949930922,7.11813739546585,2362.37040002148,2137.28490701034,-3.26214192105886,54.612973126587
"54","2042",318585,524934,2,12,280,1121.122401,21.4163716814159,"1","Fresh","Poor",1964,"1989",16.4617580701353,7.16810576599261,2495.21115683465,2253.4521121766,-3.26214192105886,54.612973126587
"55","2042",318585,524934,2,12,280,1121.122401,21.4163716814159,"1","Fresh","Poor",1964,"1990",16.9331163628177,7.1891399162639,2620.99651801166,2361.24592668368,-3.26214192105886,54.612973126587
"56","2042",318585,524934,2,12,280,1121.122401,21.4163716814159,"1","Fresh","Poor",1964,"1991",17.580614398047,7.3283053671293,2810.93904453764,2541.79608725481,-3.26214192105886,54.612973126587
"57","2042",318585,524934,2,12,280,1121.122401,21.4163716814159,"1","Fresh","Poor",1964,"1992",18.2582047881465,7.43545504728393,3012.96041409822,2696.50773753,-3.26214192105886,54.612973126587
"58","2042",318585,524934,2,12,280,1121.122401,21.4163716814159,"1","Fresh","Poor",1964,"1993",18.87610399177,7.4895254915873,3198.93403220347,2801.24590006172,-3.26214192105886,54.612973126587
"59","2042",318585,524934,2,12,280,1121.122401,21.4163716814159,"1","Fresh","Poor",1964,"1994",19.4119824530668,7.4735713270665,3358.37566579805,2853.88891729098,-3.26214192105886,54.612973126587
"60","2042",318585,524934,2,12,280,1121.122401,21.4163716814159,"1","Fresh","Poor",1964,"1995",20.0104938413952,7.58264481962986,3555.41432356459,2958.66674465698,-3.26214192105886,54.612973126587
"61","2042",318585,524934,2,12,280,1121.122401,21.4163716814159,"1","Fresh","Poor",1964,"1996",20.7723417274851,7.74339575856846,3817.03062448525,3098.85972530183,-3.26214192105886,54.612973126587
"62","2042",318585,524934,2,12,280,1121.122401,21.4163716814159,"1","Fresh","Poor",1964,"1997",21.6052820398705,8.00551626008092,4123.73536895205,3306.18197310519,-3.26214192105886,54.612973126587
"63","2042",318585,524934,2,12,280,1121.122401,21.4163716814159,"1","Fresh","Poor",1964,"1998",22.3847381357656,7.99776044657921,4392.14876052323,3382.0708813609,-3.26214192105886,54.612973126587
"64","2042",318585,524934,2,12,280,1121.122401,21.4163716814159,"1","Fresh","Poor",1964,"1999",23.0613898676181,7.92046799413524,4624.88338801494,3411.74275172639,-3.26214192105886,54.612973126587
"65","2042",318585,524934,2,12,280,1121.122401,21.4163716814159,"1","Fresh","Poor",1964,"2000",23.8486542908567,7.93125957599761,4916.15711450538,3464.25930340411,-3.26214192105886,54.612973126587
"66","2042",318585,524934,2,12,280,1121.122401,21.4163716814159,"1","Fresh","Poor",1964,"2001",24.7474668110864,8.02273413159313,5269.62960469576,3540.66058159773,-3.26214192105886,54.612973126587
"67","2042",318585,524934,2,12,280,1121.122401,21.4163716814159,"1","Fresh","Poor",1964,"2002",25.5888776667196,8.07625452972566,5608.42556541919,3618.43198257609,-3.26214192105886,54.612973126587
"68","2042",318585,524934,2,12,280,1121.122401,21.4163716814159,"1","Fresh","Poor",1964,"2003",26.3225027615272,8.14078030874743,5915.00400586637,3686.4116202718,-3.26214192105886,54.612973126587
"69","2042",318585,524934,2,12,280,1121.122401,21.4163716814159,"1","Fresh","Poor",1964,"2004",26.9924310492817,8.25052063107735,6208.36940645937,3775.97002176639,-3.26214192105886,54.612973126587
"70","2042",318585,524934,2,12,280,1121.122401,21.4163716814159,"1","Fresh","Poor",1964,"2005",27.8191938553431,8.5279983508413,6597.52348130809,3990.77653885263,-3.26214192105886,54.612973126587
"71","2042",318585,524934,2,12,280,1121.122401,21.4163716814159,"1","Fresh","Poor",1964,"2006",28.4837091831571,8.79144647307844,6923.95160484081,4186.80717826202,-3.26214192105886,54.612973126587
"72","2042",318585,524934,2,12,280,1121.122401,21.4163716814159,"1","Fresh","Poor",1964,"2007",29.0774067552329,8.98417628237208,7216.8135612131,4324.22792166377,-3.26214192105886,54.612973126587
"73","2042",318585,524934,2,12,280,1121.122401,21.4163716814159,"1","Fresh","Poor",1964,"2008",29.5486948987421,9.17704981582972,7458.82747303705,4445.18455318781,-3.26214192105886,54.612973126587
"74","2042",318585,524934,2,12,280,1121.122401,21.4163716814159,"1","Fresh","Poor",1964,"2009",30.1330297674561,9.44343297148012,7768.14373760692,4614.51352364655,-3.26214192105886,54.612973126587
"75","2042",318585,524934,2,12,280,1121.122401,21.4163716814159,"1","Fresh","Poor",1964,"2010",30.6898917356684,9.7435064472831,8075.26626782014,4814.05875888905,-3.26214192105886,54.612973126587
"76","2042",318585,524934,2,12,280,1121.122401,21.4163716814159,"1","Fresh","Poor",1964,"2011",31.2506174458692,9.99333040885739,8383.25326303911,4994.7160274995,-3.26214192105886,54.612973126587
"77","2191",298434,191990,2,18,312.4,1428.750029,25.5287878787879,"H","Moist","Very Poor",1971,"1974",0.153370738173062,0.433797955991035,1.47796749951826,4.18032336513076,-3.46838501332856,51.6175403623575
"78","2191",298434,191990,2,18,312.4,1428.750029,25.5287878787879,"H","Moist","Very Poor",1971,"1975",0.27842185465562,0.787495925830096,4.87064540025729,13.776265565108,-3.46838501332856,51.6175403623575
"79","2191",298434,191990,2,18,312.4,1428.750029,25.5287878787879,"H","Moist","Very Poor",1971,"1976",0.915351018865789,1.19250726441123,16.3534181377166,29.0513376762263,-3.46838501332856,51.6175403623575
"80","2191",298434,191990,2,18,312.4,1428.750029,25.5287878787879,"H","Moist","Very Poor",1971,"1977",1.50458864535139,1.74750004010584,38.7658697338502,52.4106299797221,-3.46838501332856,51.6175403623575
"81","2191",298434,191990,2,18,312.4,1428.750029,25.5287878787879,"H","Moist","Very Poor",1971,"1978",2.70673236136686,2.3805410646925,96.4861947421474,94.8122380571847,-3.46838501332856,51.6175403623575
"82","2191",298434,191990,2,18,312.4,1428.750029,25.5287878787879,"H","Moist","Very Poor",1971,"1979",3.44645487695954,3.01133880960381,155.60852275435,151.563882722894,-3.46838501332856,51.6175403623575
"83","2191",298434,191990,2,18,312.4,1428.750029,25.5287878787879,"H","Moist","Very Poor",1971,"1980",4.98437428354047,3.47188300804792,277.961930366029,241.189707724217,-3.46838501332856,51.6175403623575
"84","2191",298434,191990,2,18,312.4,1428.750029,25.5287878787879,"H","Moist","Very Poor",1971,"1981",6.23345941395406,4.18197478559735,425.362340168504,346.387585199254,-3.46838501332856,51.6175403623575
"85","2191",298434,191990,2,18,312.4,1428.750029,25.5287878787879,"H","Moist","Very Poor",1971,"1982",7.89669655462505,4.1871200957094,610.240976696144,441.528008879832,-3.46838501332856,51.6175403623575
"86","2191",298434,191990,2,18,312.4,1428.750029,25.5287878787879,"H","Moist","Very Poor",1971,"1983",9.30308782992477,3.82272713379795,780.167651712363,479.039275732481,-3.46838501332856,51.6175403623575
"87","2191",298434,191990,2,18,312.4,1428.750029,25.5287878787879,"H","Moist","Very Poor",1971,"1984",10.6754936460067,3.73943156607545,991.185005134837,550.022336593277,-3.46838501332856,51.6175403623575
"88","2191",298434,191990,2,18,312.4,1428.750029,25.5287878787879,"H","Moist","Very Poor",1971,"1985",12.2848892860638,4.0049782780379,1295.54077301901,675.817751868693,-3.46838501332856,51.6175403623575
"89","2191",298434,191990,2,18,312.4,1428.750029,25.5287878787879,"H","Moist","Very Poor",1971,"1986",13.8967496098328,3.94893486560987,1623.92439289672,762.106531099243,-3.46838501332856,51.6175403623575
"90","2191",298434,191990,2,18,312.4,1428.750029,25.5287878787879,"H","Moist","Very Poor",1971,"1987",15.5016480892903,4.01991918695203,1998.37395894772,860.532152604493,-3.46838501332856,51.6175403623575
"91","2191",298434,191990,2,18,312.4,1428.750029,25.5287878787879,"H","Moist","Very Poor",1971,"1988",16.3302119929944,3.80114143271268,2193.76170461141,874.136633464634,-3.46838501332856,51.6175403623575
"92","2191",298434,191990,2,18,312.4,1428.750029,25.5287878787879,"H","Moist","Very Poor",1971,"1989",17.2410782342232,3.53698915683915,2420.60722753752,883.423197533303,-3.46838501332856,51.6175403623575
"93","2191",298434,191990,2,18,312.4,1428.750029,25.5287878787879,"H","Moist","Very Poor",1971,"1990",18.3584893176545,3.27270166147264,2720.66545217827,889.331937191662,-3.46838501332856,51.6175403623575
"94","2191",298434,191990,2,18,312.4,1428.750029,25.5287878787879,"H","Moist","Very Poor",1971,"1991",19.4438258293236,3.06810329930671,3033.98496458683,882.600403482016,-3.46838501332856,51.6175403623575
"95","2191",298434,191990,2,18,312.4,1428.750029,25.5287878787879,"H","Moist","Very Poor",1971,"1992",20.3791465587506,3.06713582070497,3326.48340282233,915.325097900442,-3.46838501332856,51.6175403623575
"96","2191",298434,191990,2,18,312.4,1428.750029,25.5287878787879,"H","Moist","Very Poor",1971,"1993",21.1854110584304,2.99871458621325,3586.8340456943,929.914166630929,-3.46838501332856,51.6175403623575
"97","2191",298434,191990,2,18,312.4,1428.750029,25.5287878787879,"H","Moist","Very Poor",1971,"1994",21.824869133304,2.85724819709522,3797.15112161976,920.961270936212,-3.46838501332856,51.6175403623575
"98","2191",298434,191990,2,18,312.4,1428.750029,25.5287878787879,"H","Moist","Very Poor",1971,"1995",22.4157294494643,2.69190865620426,3996.14907141526,900.635883992306,-3.46838501332856,51.6175403623575
"99","2191",298434,191990,2,18,312.4,1428.750029,25.5287878787879,"H","Moist","Very Poor",1971,"1996",23.0784419990516,2.61582990594732,4230.16809888951,907.156323976743,-3.46838501332856,51.6175403623575
"100","2191",298434,191990,2,18,312.4,1428.750029,25.5287878787879,"H","Moist","Very Poor",1971,"1997",23.7574545947468,2.62689705424221,4480.34044965987,940.621608530954,-3.46838501332856,51.6175403623575
"101","2191",298434,191990,2,18,312.4,1428.750029,25.5287878787879,"H","Moist","Very Poor",1971,"1998",24.4318507359258,2.6244000469994,4735.4943854169,971.677459393263,-3.46838501332856,51.6175403623575
"102","2191",298434,191990,2,18,312.4,1428.750029,25.5287878787879,"H","Moist","Very Poor",1971,"1999",24.9350697200795,2.65270835040437,4931.63253085343,1005.7517188406,-3.46838501332856,51.6175403623575
"103","2191",298434,191990,2,18,312.4,1428.750029,25.5287878787879,"H","Moist","Very Poor",1971,"2000",25.450719119578,2.6825275504622,5136.78330373652,1043.32361187853,-3.46838501332856,51.6175403623575
"104","2191",298434,191990,2,18,312.4,1428.750029,25.5287878787879,"H","Moist","Very Poor",1971,"2001",26.0024132420435,2.70311721192303,5360.49154741487,1077.69711982565,-3.46838501332856,51.6175403623575
"105","2191",298434,191990,2,18,312.4,1428.750029,25.5287878787879,"H","Moist","Very Poor",1971,"2002",26.6938378137612,2.89316874457446,5653.96434956499,1188.90713435347,-3.46838501332856,51.6175403623575
"106","2191",298434,191990,2,18,312.4,1428.750029,25.5287878787879,"H","Moist","Very Poor",1971,"2003",27.3059012457231,3.0010116258556,5917.91668651885,1263.69182303563,-3.46838501332856,51.6175403623575
"107","2191",298434,191990,2,18,312.4,1428.750029,25.5287878787879,"H","Moist","Very Poor",1971,"2004",27.9618534376591,3.19113533521165,6210.73762259161,1379.94582225262,-3.46838501332856,51.6175403623575
"108","2191",298434,191990,2,18,312.4,1428.750029,25.5287878787879,"H","Moist","Very Poor",1971,"2005",28.4979028544893,3.34833238982583,6455.50465402439,1479.76918281939,-3.46838501332856,51.6175403623575
"109","2191",298434,191990,2,18,312.4,1428.750029,25.5287878787879,"H","Moist","Very Poor",1971,"2006",28.9591623579006,3.39930194538934,6666.01924973376,1533.23687494972,-3.46838501332856,51.6175403623575
"110","2191",298434,191990,2,18,312.4,1428.750029,25.5287878787879,"H","Moist","Very Poor",1971,"2007",29.4140376643207,3.4782832691793,6878.29531392939,1597.02877953972,-3.46838501332856,51.6175403623575
"111","2191",298434,191990,2,18,312.4,1428.750029,25.5287878787879,"H","Moist","Very Poor",1971,"2008",29.812127010498,3.55788879873967,7067.32029905186,1659.29933709798,-3.46838501332856,51.6175403623575
"112","2191",298434,191990,2,18,312.4,1428.750029,25.5287878787879,"H","Moist","Very Poor",1971,"2009",30.2076145693239,3.70106014220253,7260.89287122558,1750.43851663784,-3.46838501332856,51.6175403623575
"113","2191",298434,191990,2,18,312.4,1428.750029,25.5287878787879,"H","Moist","Very Poor",1971,"2010",30.5909306229434,3.881790420782,7453.34842971078,1856.9600322792,-3.46838501332856,51.6175403623575
"114","2191",298434,191990,2,18,312.4,1428.750029,25.5287878787879,"H","Moist","Very Poor",1971,"2011",30.9770915125543,4.12524212914135,7653.47433955085,2000.76580981577,-3.46838501332856,51.6175403623575
"115","280",252241,923791,2.5,12,155,1393.312102,17.8859459459459,"L","Wet","Very Poor",1974,"1983",0.405238582432208,0.940928301993768,7.47064915332318,21.4231772993744,-4.51422584632632,58.1781511842952
"116","280",252241,923791,2.5,12,155,1393.312102,17.8859459459459,"L","Wet","Very Poor",1974,"1984",0.824526454994115,1.45333082063606,20.0852129634581,50.7520042428963,-4.51422584632632,58.1781511842952
"117","280",252241,923791,2.5,12,155,1393.312102,17.8859459459459,"L","Wet","Very Poor",1974,"1985",1.77997747355348,2.31664478320899,62.3515582447586,122.151277267345,-4.51422584632632,58.1781511842952
"118","280",252241,923791,2.5,12,155,1393.312102,17.8859459459459,"L","Wet","Very Poor",1974,"1986",4.17632012676718,4.24035371698946,262.514663321729,393.512039345697,-4.51422584632632,58.1781511842952
"119","280",252241,923791,2.5,12,155,1393.312102,17.8859459459459,"L","Wet","Very Poor",1974,"1987",6.57737632133132,5.35217281375003,539.763093664186,805.239659965337,-4.51422584632632,58.1781511842952
"120","280",252241,923791,2.5,12,155,1393.312102,17.8859459459459,"L","Wet","Very Poor",1974,"1988",9.14608731840813,5.99204409673566,907.65407820643,1250.19919442037,-4.51422584632632,58.1781511842952
"121","280",252241,923791,2.5,12,155,1393.312102,17.8859459459459,"L","Wet","Very Poor",1974,"1989",11.4463925792092,6.23264964165617,1300.22360530175,1610.47411915579,-4.51422584632632,58.1781511842952
"122","280",252241,923791,2.5,12,155,1393.312102,17.8859459459459,"L","Wet","Very Poor",1974,"1990",13.3508438427954,6.34425718985371,1680.92841438752,1876.32783763651,-4.51422584632632,58.1781511842952
"123","280",252241,923791,2.5,12,155,1393.312102,17.8859459459459,"L","Wet","Very Poor",1974,"1991",15.2060064364449,6.50409094154904,2111.35034558866,2166.71844918755,-4.51422584632632,58.1781511842952
"124","280",252241,923791,2.5,12,155,1393.312102,17.8859459459459,"L","Wet","Very Poor",1974,"1992",16.6660615292371,6.6690474157125,2492.00554892441,2409.74619088403,-4.51422584632632,58.1781511842952
"125","280",252241,923791,2.5,12,155,1393.312102,17.8859459459459,"L","Wet","Very Poor",1974,"1993",17.7962977859261,6.82705155591365,2812.81014495062,2622.42468113454,-4.51422584632632,58.1781511842952
"126","280",252241,923791,2.5,12,155,1393.312102,17.8859459459459,"L","Wet","Very Poor",1974,"1994",18.9385099318915,6.98948165337693,3158.02253410308,2839.85266335509,-4.51422584632632,58.1781511842952
"127","280",252241,923791,2.5,12,155,1393.312102,17.8859459459459,"L","Wet","Very Poor",1974,"1995",19.9430859426944,7.10274073843269,3475.93796095305,3018.84746761296,-4.51422584632632,58.1781511842952
"128","280",252241,923791,2.5,12,155,1393.312102,17.8859459459459,"L","Wet","Very Poor",1974,"1996",20.9792720093242,7.07123188709579,3805.85384005797,3118.6872354974,-4.51422584632632,58.1781511842952
"129","280",252241,923791,2.5,12,155,1393.312102,17.8859459459459,"L","Wet","Very Poor",1974,"1997",22.0656813927922,7.08454033707963,4174.45612304078,3246.754658861,-4.51422584632632,58.1781511842952
"130","280",252241,923791,2.5,12,155,1393.312102,17.8859459459459,"L","Wet","Very Poor",1974,"1998",23.2270507785942,7.04148642056445,4583.34216199228,3347.13276729527,-4.51422584632632,58.1781511842952
"131","280",252241,923791,2.5,12,155,1393.312102,17.8859459459459,"L","Wet","Very Poor",1974,"1999",24.193212137255,7.07234837184162,4946.21816979678,3465.28544778202,-4.51422584632632,58.1781511842952
"132","280",252241,923791,2.5,12,155,1393.312102,17.8859459459459,"L","Wet","Very Poor",1974,"2000",25.1230184579671,6.97186999354496,5296.50729005573,3494.50877807581,-4.51422584632632,58.1781511842952
"133","280",252241,923791,2.5,12,155,1393.312102,17.8859459459459,"L","Wet","Very Poor",1974,"2001",26.069815056005,6.93138370137402,5673.25377965207,3545.73214052078,-4.51422584632632,58.1781511842952
"134","280",252241,923791,2.5,12,155,1393.312102,17.8859459459459,"L","Wet","Very Poor",1974,"2002",26.9967945169873,6.92780988017254,6059.25836477457,3602.26784301083,-4.51422584632632,58.1781511842952
"135","280",252241,923791,2.5,12,155,1393.312102,17.8859459459459,"L","Wet","Very Poor",1974,"2003",27.8755859031944,6.98493815833495,6443.53699030965,3683.76631355105,-4.51422584632632,58.1781511842952
"136","280",252241,923791,2.5,12,155,1393.312102,17.8859459459459,"L","Wet","Very Poor",1974,"2004",28.6250596795601,7.00064910116074,6777.65373263899,3723.25939684702,-4.51422584632632,58.1781511842952
"137","280",252241,923791,2.5,12,155,1393.312102,17.8859459459459,"L","Wet","Very Poor",1974,"2005",29.3020219360645,7.01730340913293,7087.27313946981,3755.16177486573,-4.51422584632632,58.1781511842952
"138","280",252241,923791,2.5,12,155,1393.312102,17.8859459459459,"L","Wet","Very Poor",1974,"2006",29.7807558073812,7.03100510980693,7310.76623981529,3788.45352769198,-4.51422584632632,58.1781511842952
"139","280",252241,923791,2.5,12,155,1393.312102,17.8859459459459,"L","Wet","Very Poor",1974,"2007",30.2755896242246,7.0907881947425,7550.0641017165,3840.27704935657,-4.51422584632632,58.1781511842952
"140","280",252241,923791,2.5,12,155,1393.312102,17.8859459459459,"L","Wet","Very Poor",1974,"2008",30.6967519338095,7.14391787987112,7757.0283452882,3890.3970365494,-4.51422584632632,58.1781511842952
"141","280",252241,923791,2.5,12,155,1393.312102,17.8859459459459,"L","Wet","Very Poor",1974,"2009",31.0992427815628,7.21087177482719,7959.08491498995,3950.12061707535,-4.51422584632632,58.1781511842952
"142","280",252241,923791,2.5,12,155,1393.312102,17.8859459459459,"L","Wet","Very Poor",1974,"2010",31.5513530248815,7.30620480311109,8191.21059882179,4030.57790610914,-4.51422584632632,58.1781511842952
"143","4301",488364,485280,2,14,196,1044.984076,21.3013888888889,"1","Moist","Very Poor",1976,"1976",0,0,0,0,-0.645129945283909,54.255573939611
"144","4301",488364,485280,2,14,196,1044.984076,21.3013888888889,"1","Moist","Very Poor",1976,"1977",0,0,0,0,-0.645129945283909,54.255573939611
"145","4301",488364,485280,2,14,196,1044.984076,21.3013888888889,"1","Moist","Very Poor",1976,"1978",0.0262759023845701,0.0788277071537103,0.0488031293153371,0.146409387946011,-0.645129945283909,54.255573939611
"146","4301",488364,485280,2,14,196,1044.984076,21.3013888888889,"1","Moist","Very Poor",1976,"1979",0.365447451941658,0.803854659248809,5.56011727293911,14.2132709684187,-0.645129945283909,54.255573939611
"147","4301",488364,485280,2,14,196,1044.984076,21.3013888888889,"1","Moist","Very Poor",1976,"1980",1.25186104239931,1.56038687139705,29.3065758229644,47.5700144925486,-0.645129945283909,54.255573939611
"148","4301",488364,485280,2,14,196,1044.984076,21.3013888888889,"1","Moist","Very Poor",1976,"1981",2.61969756852687,2.34389814141553,92.2547934873823,113.127391907898,-0.645129945283909,54.255573939611
"149","4301",488364,485280,2,14,196,1044.984076,21.3013888888889,"1","Moist","Very Poor",1976,"1982",3.67770874199796,3.05925423542908,171.567755780118,182.39584480947,-0.645129945283909,54.255573939611
"150","4301",488364,485280,2,14,196,1044.984076,21.3013888888889,"1","Moist","Very Poor",1976,"1983",4.32666531916891,3.53223796170695,234.130626620256,239.894618962464,-0.645129945283909,54.255573939611
"151","4301",488364,485280,2,14,196,1044.984076,21.3013888888889,"1","Moist","Very Poor",1976,"1984",5.09609048491647,4.0992722351294,321.283269085872,316.913142802066,-0.645129945283909,54.255573939611
"152","4301",488364,485280,2,14,196,1044.984076,21.3013888888889,"1","Moist","Very Poor",1976,"1985",6.23081664917598,4.55511822791861,449.771785970454,423.010155405663,-0.645129945283909,54.255573939611
"153","4301",488364,485280,2,14,196,1044.984076,21.3013888888889,"1","Moist","Very Poor",1976,"1986",7.33445421109786,4.80220609414678,583.496236389309,531.273659232518,-0.645129945283909,54.255573939611
"154","4301",488364,485280,2,14,196,1044.984076,21.3013888888889,"1","Moist","Very Poor",1976,"1987",8.37730897871354,5.11328822059681,733.718513024759,642.137828946172,-0.645129945283909,54.255573939611
"155","4301",488364,485280,2,14,196,1044.984076,21.3013888888889,"1","Moist","Very Poor",1976,"1988",9.40165282936387,5.49028765971627,904.661530758762,769.415022649951,-0.645129945283909,54.255573939611
"156","4301",488364,485280,2,14,196,1044.984076,21.3013888888889,"1","Moist","Very Poor",1976,"1989",10.2568601400597,5.17705977460742,1013.37673781752,849.693595212029,-0.645129945283909,54.255573939611
"157","4301",488364,485280,2,14,196,1044.984076,21.3013888888889,"1","Moist","Very Poor",1976,"1990",11.1812275780563,5.07423360843292,1161.65748715421,942.764173332703,-0.645129945283909,54.255573939611
"158","4301",488364,485280,2,14,196,1044.984076,21.3013888888889,"1","Moist","Very Poor",1976,"1991",12.1415573936334,5.04908501597631,1335.79020346952,1047.67758235784,-0.645129945283909,54.255573939611
"159","4301",488364,485280,2,14,196,1044.984076,21.3013888888889,"1","Moist","Very Poor",1976,"1992",13.0803397197542,4.96481372113522,1515.86434612132,1130.03457028284,-0.645129945283909,54.255573939611
"160","4301",488364,485280,2,14,196,1044.984076,21.3013888888889,"1","Moist","Very Poor",1976,"1993",14.1613165844018,4.98045570256697,1748.23129705156,1262.19208451312,-0.645129945283909,54.255573939611
"161","4301",488364,485280,2,14,196,1044.984076,21.3013888888889,"1","Moist","Very Poor",1976,"1994",15.1276846519953,5.07015144788271,1976.82367816501,1399.707229088,-0.645129945283909,54.255573939611
"162","4301",488364,485280,2,14,196,1044.984076,21.3013888888889,"1","Moist","Very Poor",1976,"1995",15.8205349797258,5.120154650234,2148.78987027205,1497.37433843181,-0.645129945283909,54.255573939611
"163","4301",488364,485280,2,14,196,1044.984076,21.3013888888889,"1","Moist","Very Poor",1976,"1996",16.438154745051,5.12266752298073,2305.44918461663,1565.60755988095,-0.645129945283909,54.255573939611
"164","4301",488364,485280,2,14,196,1044.984076,21.3013888888889,"1","Moist","Very Poor",1976,"1997",17.3482566554157,5.10463591219589,2545.66441716893,1639.16199247467,-0.645129945283909,54.255573939611
"165","4301",488364,485280,2,14,196,1044.984076,21.3013888888889,"1","Moist","Very Poor",1976,"1998",18.1328955555432,5.2434510600613,2774.34688054318,1768.44795882585,-0.645129945283909,54.255573939611
"166","4301",488364,485280,2,14,196,1044.984076,21.3013888888889,"1","Moist","Very Poor",1976,"1999",18.95780209354,5.31793631553436,3020.14209826651,1867.86166045175,-0.645129945283909,54.255573939611
"167","4301",488364,485280,2,14,196,1044.984076,21.3013888888889,"1","Moist","Very Poor",1976,"2000",19.7806437475238,5.29354015617057,3268.6852107691,1914.50651898173,-0.645129945283909,54.255573939611
"168","4301",488364,485280,2,14,196,1044.984076,21.3013888888889,"1","Moist","Very Poor",1976,"2001",20.5963308356889,5.3856053811818,3534.21979073358,2000.42974649093,-0.645129945283909,54.255573939611
"169","4301",488364,485280,2,14,196,1044.984076,21.3013888888889,"1","Moist","Very Poor",1976,"2002",21.3958457132404,5.49908739948551,3806.52786204312,2094.15775261403,-0.645129945283909,54.255573939611
"170","4301",488364,485280,2,14,196,1044.984076,21.3013888888889,"1","Moist","Very Poor",1976,"2003",22.0556958165473,5.535219538474,4034.49673219456,2149.63219813263,-0.645129945283909,54.255573939611
"171","4301",488364,485280,2,14,196,1044.984076,21.3013888888889,"1","Moist","Very Poor",1976,"2004",22.8297395363916,5.55368537911064,4308.79942464971,2201.75732022429,-0.645129945283909,54.255573939611
"172","4301",488364,485280,2,14,196,1044.984076,21.3013888888889,"1","Moist","Very Poor",1976,"2005",23.5559573790387,5.53536235976055,4571.95110053645,2230.22160877361,-0.645129945283909,54.255573939611
"173","4301",488364,485280,2,14,196,1044.984076,21.3013888888889,"1","Moist","Very Poor",1976,"2006",24.1598988616487,5.53015729780117,4797.8817826345,2257.54016382589,-0.645129945283909,54.255573939611
"174","4301",488364,485280,2,14,196,1044.984076,21.3013888888889,"1","Moist","Very Poor",1976,"2007",24.9543542539472,5.59967845584983,5109.73880302803,2319.04459150146,-0.645129945283909,54.255573939611
"175","4301",488364,485280,2,14,196,1044.984076,21.3013888888889,"1","Moist","Very Poor",1976,"2008",25.6140469422744,5.68926935964809,5378.80533784783,2389.32394102987,-0.645129945283909,54.255573939611
"176","4301",488364,485280,2,14,196,1044.984076,21.3013888888889,"1","Moist","Very Poor",1976,"2009",26.2038804185927,5.85374063202092,5632.10801115754,2494.14575125648,-0.645129945283909,54.255573939611
"177","4301",488364,485280,2,14,196,1044.984076,21.3013888888889,"1","Moist","Very Poor",1976,"2010",26.8089111850382,6.01502218419813,5897.38324776046,2593.94843677133,-0.645129945283909,54.255573939611
"178","4301",488364,485280,2,14,196,1044.984076,21.3013888888889,"1","Moist","Very Poor",1976,"2011",27.4408793818263,6.16446666784899,6179.35736785537,2695.07702101394,-0.645129945283909,54.255573939611
"179","461",172576,651283,2,14,78,1542.595541,25.2736543909348,"H","Very Moist","Very Poor",1963,"1972",0.333717211213548,0.728282403403607,4.57753320661455,11.5600890863138,-5.62099243648078,55.701508388666
"180","461",172576,651283,2,14,78,1542.595541,25.2736543909348,"H","Very Moist","Very Poor",1963,"1973",0.821095302614624,1.39604959926115,18.9014038351765,40.7287301305304,-5.62099243648078,55.701508388666
"181","461",172576,651283,2,14,78,1542.595541,25.2736543909348,"H","Very Moist","Very Poor",1963,"1974",2.20932830573292,1.9074521379089,63.7369575478447,81.3228208679783,-5.62099243648078,55.701508388666
"182","461",172576,651283,2,14,78,1542.595541,25.2736543909348,"H","Very Moist","Very Poor",1963,"1975",4.3408386009991,2.27843812053032,184.233604801376,142.474701499384,-5.62099243648078,55.701508388666
"183","461",172576,651283,2,14,78,1542.595541,25.2736543909348,"H","Very Moist","Very Poor",1963,"1976",5.93778193748224,2.79681226925823,331.51879878243,217.609916950564,-5.62099243648078,55.701508388666
"184","461",172576,651283,2,14,78,1542.595541,25.2736543909348,"H","Very Moist","Very Poor",1963,"1977",7.37492212764725,3.47326537915278,511.39357177095,335.078484007889,-5.62099243648078,55.701508388666
"185","461",172576,651283,2,14,78,1542.595541,25.2736543909348,"H","Very Moist","Very Poor",1963,"1978",8.8462635749809,4.11855112324005,733.044499192512,473.522535060883,-5.62099243648078,55.701508388666
"186","461",172576,651283,2,14,78,1542.595541,25.2736543909348,"H","Very Moist","Very Poor",1963,"1979",10.45776192314,4.78760143502456,1018.96866566609,639.244698757912,-5.62099243648078,55.701508388666
"187","461",172576,651283,2,14,78,1542.595541,25.2736543909348,"H","Very Moist","Very Poor",1963,"1980",12.09858180658,5.51265798407247,1361.78993743608,839.380274687548,-5.62099243648078,55.701508388666
"188","461",172576,651283,2,14,78,1542.595541,25.2736543909348,"H","Very Moist","Very Poor",1963,"1981",14.6936589559849,4.07880474216607,1811.84872976274,933.23523573525,-5.62099243648078,55.701508388666
"189","461",172576,651283,2,14,78,1542.595541,25.2736543909348,"H","Very Moist","Very Poor",1963,"1982",16.5585708952966,4.11606035004184,2271.73107287786,1064.89278593887,-5.62099243648078,55.701508388666
"190","461",172576,651283,2,14,78,1542.595541,25.2736543909348,"H","Very Moist","Very Poor",1963,"1983",17.8480925324316,4.03492735178954,2615.58076245875,1121.8037584784,-5.62099243648078,55.701508388666
"191","461",172576,651283,2,14,78,1542.595541,25.2736543909348,"H","Very Moist","Very Poor",1963,"1984",18.9886168811099,4.10624555457056,2949.60483012701,1201.23005797245,-5.62099243648078,55.701508388666
"192","461",172576,651283,2,14,78,1542.595541,25.2736543909348,"H","Very Moist","Very Poor",1963,"1985",20.1256985038193,4.23090284224833,3306.17543340957,1296.09815218757,-5.62099243648078,55.701508388666
"193","461",172576,651283,2,14,78,1542.595541,25.2736543909348,"H","Very Moist","Very Poor",1963,"1986",21.0927721363676,4.37699219943262,3628.0244798244,1392.40265780398,-5.62099243648078,55.701508388666
"194","461",172576,651283,2,14,78,1542.595541,25.2736543909348,"H","Very Moist","Very Poor",1963,"1987",22.0792876221745,4.61153665849476,3977.24289526848,1534.87051396092,-5.62099243648078,55.701508388666
"195","461",172576,651283,2,14,78,1542.595541,25.2736543909348,"H","Very Moist","Very Poor",1963,"1988",22.952166071157,4.85635477648113,4302.14131113839,1698.80000525215,-5.62099243648078,55.701508388666
"196","461",172576,651283,2,14,78,1542.595541,25.2736543909348,"H","Very Moist","Very Poor",1963,"1989",23.5301164605699,5.09273617649859,4529.55275593559,1853.72587906341,-5.62099243648078,55.701508388666
"197","461",172576,651283,2,14,78,1542.595541,25.2736543909348,"H","Very Moist","Very Poor",1963,"1990",24.0210479811589,5.25644625974788,4724.72717823395,1960.04848225485,-5.62099243648078,55.701508388666
"198","461",172576,651283,2,14,78,1542.595541,25.2736543909348,"H","Very Moist","Very Poor",1963,"1991",24.5142265606694,5.48187831015809,4929.62457381324,2095.94485165269,-5.62099243648078,55.701508388666
"199","461",172576,651283,2,14,78,1542.595541,25.2736543909348,"H","Very Moist","Very Poor",1963,"1992",25.1890908147369,5.67321016499409,5207.97100936944,2253.27311772209,-5.62099243648078,55.701508388666
"200","461",172576,651283,2,14,78,1542.595541,25.2736543909348,"H","Very Moist","Very Poor",1963,"1993",26.0721828262227,5.85242966654118,5577.92910250124,2427.72595333913,-5.62099243648078,55.701508388666
"201","461",172576,651283,2,14,78,1542.595541,25.2736543909348,"H","Very Moist","Very Poor",1963,"1994",26.9204908669672,5.89103481919244,5934.16290377987,2529.56799133456,-5.62099243648078,55.701508388666
"202","461",172576,651283,2,14,78,1542.595541,25.2736543909348,"H","Very Moist","Very Poor",1963,"1995",27.6256217873763,5.89718761719138,6236.75028713019,2596.36742731813,-5.62099243648078,55.701508388666
"203","461",172576,651283,2,14,78,1542.595541,25.2736543909348,"H","Very Moist","Very Poor",1963,"1996",28.2192750733938,6.01098177899015,6506.58970866011,2720.32397890514,-5.62099243648078,55.701508388666
"204","461",172576,651283,2,14,78,1542.595541,25.2736543909348,"H","Very Moist","Very Poor",1963,"1997",28.8789530866833,6.20611772240241,6819.0647080175,2895.66876709973,-5.62099243648078,55.701508388666
"205","461",172576,651283,2,14,78,1542.595541,25.2736543909348,"H","Very Moist","Very Poor",1963,"1998",29.5540248006997,6.39251048722105,7145.27058493694,3060.04517137519,-5.62099243648078,55.701508388666
"206","461",172576,651283,2,14,78,1542.595541,25.2736543909348,"H","Very Moist","Very Poor",1963,"1999",30.2439597659035,6.59830179244278,7487.96393571041,3253.54541165247,-5.62099243648078,55.701508388666
"207","461",172576,651283,2,14,78,1542.595541,25.2736543909348,"H","Very Moist","Very Poor",1963,"2000",30.8767946252916,6.71174675711221,7802.29228856495,3390.14418068589,-5.62099243648078,55.701508388666
"208","461",172576,651283,2,14,78,1542.595541,25.2736543909348,"H","Very Moist","Very Poor",1963,"2001",31.3654173684501,6.86953133683605,8056.11549840943,3560.24077032085,-5.62099243648078,55.701508388666
"209","461",172576,651283,2,14,78,1542.595541,25.2736543909348,"H","Very Moist","Very Poor",1963,"2002",31.9913414498387,7.14336040843206,8394.36535726263,3823.43222981289,-5.62099243648078,55.701508388666
"210","461",172576,651283,2,14,78,1542.595541,25.2736543909348,"H","Very Moist","Very Poor",1963,"2003",32.459224075863,7.38610332065139,8655.82710529814,4053.45667251977,-5.62099243648078,55.701508388666
"211","461",172576,651283,2,14,78,1542.595541,25.2736543909348,"H","Very Moist","Very Poor",1963,"2004",32.9881364397868,7.67873216508167,8958.4763663879,4338.76580684692,-5.62099243648078,55.701508388666
"212","461",172576,651283,2,14,78,1542.595541,25.2736543909348,"H","Very Moist","Very Poor",1963,"2005",33.5818901451229,7.96562967085511,9300.24885817656,4645.64056464205,-5.62099243648078,55.701508388666
"213","461",172576,651283,2,14,78,1542.595541,25.2736543909348,"H","Very Moist","Very Poor",1963,"2006",34.0113948019877,8.11065625559986,9544.53961488104,4834.4432285608,-5.62099243648078,55.701508388666
"214","461",172576,651283,2,14,78,1542.595541,25.2736543909348,"H","Very Moist","Very Poor",1963,"2007",34.4723061687957,8.24859447524794,9808.20368918025,5027.60708174015,-5.62099243648078,55.701508388666
"215","461",172576,651283,2,14,78,1542.595541,25.2736543909348,"H","Very Moist","Very Poor",1963,"2008",34.8426254714435,8.25837099707349,10010.9315008732,5092.60666940438,-5.62099243648078,55.701508388666
"216","461",172576,651283,2,14,78,1542.595541,25.2736543909348,"H","Very Moist","Very Poor",1963,"2009",35.1590523109946,8.27404661092905,10186.709660315,5144.78240447867,-5.62099243648078,55.701508388666
"217","461",172576,651283,2,14,78,1542.595541,25.2736543909348,"H","Very Moist","Very Poor",1963,"2010",35.4662323253691,8.33124881852073,10363.7305174552,5233.38215677539,-5.62099243648078,55.701508388666
"218","6619",175038,666632,2,12,191,2687.101911,19.113881748072,"H","Very Moist","Very Poor",1964,"1970",0.725804326312717,1.03792223573321,11.5407518771391,17.9911515086843,-5.59455715657253,55.8402967990112
"219","6619",175038,666632,2,12,191,2687.101911,19.113881748072,"H","Very Moist","Very Poor",1964,"1971",1.18612344025837,1.6812958780963,30.4758062421641,45.9624679676104,-5.59455715657253,55.8402967990112
"220","6619",175038,666632,2,12,191,2687.101911,19.113881748072,"H","Very Moist","Very Poor",1964,"1972",2.18289203459675,1.89529453378777,62.1103967905027,59.7214619925727,-5.59455715657253,55.8402967990112
"221","6619",175038,666632,2,12,191,2687.101911,19.113881748072,"H","Very Moist","Very Poor",1964,"1973",3.33095952194732,2.20521913299633,120.561829050879,91.2539127545269,-5.59455715657253,55.8402967990112
"222","6619",175038,666632,2,12,191,2687.101911,19.113881748072,"H","Very Moist","Very Poor",1964,"1974",4.44538032925737,2.53603982130151,199.40448052415,145.069311502855,-5.59455715657253,55.8402967990112
"223","6619",175038,666632,2,12,191,2687.101911,19.113881748072,"H","Very Moist","Very Poor",1964,"1975",5.88741351408035,2.34433484068859,310.001017982786,190.153502544949,-5.59455715657253,55.8402967990112
"224","6619",175038,666632,2,12,191,2687.101911,19.113881748072,"H","Very Moist","Very Poor",1964,"1976",7.28501090417917,2.51846267394937,460.409877909262,271.046232521544,-5.59455715657253,55.8402967990112
"225","6619",175038,666632,2,12,191,2687.101911,19.113881748072,"H","Very Moist","Very Poor",1964,"1977",8.58500530698228,2.73159703092555,630.134651406412,367.892038709794,-5.59455715657253,55.8402967990112
"226","6619",175038,666632,2,12,191,2687.101911,19.113881748072,"H","Very Moist","Very Poor",1964,"1978",9.73904625397251,2.83673220404384,800.243683571629,449.127782112874,-5.59455715657253,55.8402967990112
"227","6619",175038,666632,2,12,191,2687.101911,19.113881748072,"H","Very Moist","Very Poor",1964,"1979",10.8206351680611,2.94603350345291,979.237333492087,526.14288127566,-5.59455715657253,55.8402967990112
"228","6619",175038,666632,2,12,191,2687.101911,19.113881748072,"H","Very Moist","Very Poor",1964,"1980",11.8387623669077,3.04574622119163,1164.53572135452,602.912505456937,-5.59455715657253,55.8402967990112
"229","6619",175038,666632,2,12,191,2687.101911,19.113881748072,"H","Very Moist","Very Poor",1964,"1981",12.5076954128411,3.08921746201029,1294.27963248129,658.999927038306,-5.59455715657253,55.8402967990112
"230","6619",175038,666632,2,12,191,2687.101911,19.113881748072,"H","Very Moist","Very Poor",1964,"1982",13.1463326256625,3.22666231756515,1428.92194367122,736.342458301338,-5.59455715657253,55.8402967990112
"231","6619",175038,666632,2,12,191,2687.101911,19.113881748072,"H","Very Moist","Very Poor",1964,"1983",13.7654144154029,3.32263867738277,1564.09350981232,810.144136436032,-5.59455715657253,55.8402967990112
"232","6619",175038,666632,2,12,191,2687.101911,19.113881748072,"H","Very Moist","Very Poor",1964,"1984",14.3760187047006,3.4402700399997,1704.51774294874,879.334196949168,-5.59455715657253,55.8402967990112
"233","6619",175038,666632,2,12,191,2687.101911,19.113881748072,"H","Very Moist","Very Poor",1964,"1985",14.9699822462528,3.45885993596135,1842.29760591859,922.899265408366,-5.59455715657253,55.8402967990112
"234","6619",175038,666632,2,12,191,2687.101911,19.113881748072,"H","Very Moist","Very Poor",1964,"1986",15.4943670081778,3.52732422833752,1971.05229889516,974.872485280202,-5.59455715657253,55.8402967990112
"235","6619",175038,666632,2,12,191,2687.101911,19.113881748072,"H","Very Moist","Very Poor",1964,"1987",15.9190287847982,3.57066778628285,2077.939209713,1014.60363649013,-5.59455715657253,55.8402967990112
"236","6619",175038,666632,2,12,191,2687.101911,19.113881748072,"H","Very Moist","Very Poor",1964,"1988",16.4044488490489,3.6421589037737,2204.71551874983,1068.60039940427,-5.59455715657253,55.8402967990112
"237","6619",175038,666632,2,12,191,2687.101911,19.113881748072,"H","Very Moist","Very Poor",1964,"1989",16.7967130487848,3.72330949967963,2311.1104653212,1126.81465457481,-5.59455715657253,55.8402967990112
"238","6619",175038,666632,2,12,191,2687.101911,19.113881748072,"H","Very Moist","Very Poor",1964,"1990",17.1271327789283,3.82539027968708,2404.44218007423,1189.21028443227,-5.59455715657253,55.8402967990112
"239","6619",175038,666632,2,12,191,2687.101911,19.113881748072,"H","Very Moist","Very Poor",1964,"1991",17.4887923433599,3.92076071932596,2507.84448213563,1251.57705242509,-5.59455715657253,55.8402967990112
"240","6619",175038,666632,2,12,191,2687.101911,19.113881748072,"H","Very Moist","Very Poor",1964,"1992",17.8427392589181,4.01263052185285,2611.07109717268,1311.75658013855,-5.59455715657253,55.8402967990112
"241","6619",175038,666632,2,12,191,2687.101911,19.113881748072,"H","Very Moist","Very Poor",1964,"1993",18.1482390924814,4.10171532234786,2702.39519022969,1365.84595556165,-5.59455715657253,55.8402967990112
"242","6619",175038,666632,2,12,191,2687.101911,19.113881748072,"H","Very Moist","Very Poor",1964,"1994",18.522672284415,4.21920881066615,2816.95536125483,1434.78462249293,-5.59455715657253,55.8402967990112
"243","6619",175038,666632,2,12,191,2687.101911,19.113881748072,"H","Very Moist","Very Poor",1964,"1995",18.9007398592923,4.30451062758534,2933.07476230987,1492.5753623685,-5.59455715657253,55.8402967990112
"244","6619",175038,666632,2,12,191,2687.101911,19.113881748072,"H","Very Moist","Very Poor",1964,"1996",19.2451666286901,4.38210322685601,3040.89607703042,1548.76114163326,-5.59455715657253,55.8402967990112
"245","6619",175038,666632,2,12,191,2687.101911,19.113881748072,"H","Very Moist","Very Poor",1964,"1997",19.6160324412106,4.44378175744191,3157.83096092541,1601.0097313406,-5.59455715657253,55.8402967990112
"246","6619",175038,666632,2,12,191,2687.101911,19.113881748072,"H","Very Moist","Very Poor",1964,"1998",19.9284588375441,4.45462882181473,3255.52820403117,1626.19848394789,-5.59455715657253,55.8402967990112
"247","6619",175038,666632,2,12,191,2687.101911,19.113881748072,"H","Very Moist","Very Poor",1964,"1999",20.2638352373595,4.43897978117794,3360.43986464733,1640.56392182107,-5.59455715657253,55.8402967990112
"248","6619",175038,666632,2,12,191,2687.101911,19.113881748072,"H","Very Moist","Very Poor",1964,"2000",20.6093372583941,4.46335913736929,3472.84344096226,1672.77728565882,-5.59455715657253,55.8402967990112
"249","6619",175038,666632,2,12,191,2687.101911,19.113881748072,"H","Very Moist","Very Poor",1964,"2001",20.9210447927996,4.49631956775547,3576.54532137159,1704.91083414336,-5.59455715657253,55.8402967990112
"250","6619",175038,666632,2,12,191,2687.101911,19.113881748072,"H","Very Moist","Very Poor",1964,"2002",21.2950530234806,4.54209532910054,3703.39647754373,1745.75658974204,-5.59455715657253,55.8402967990112
"251","6619",175038,666632,2,12,191,2687.101911,19.113881748072,"H","Very Moist","Very Poor",1964,"2003",21.6483715298865,4.57277178940442,3824.48419480651,1779.16412573633,-5.59455715657253,55.8402967990112
"252","6619",175038,666632,2,12,191,2687.101911,19.113881748072,"H","Very Moist","Very Poor",1964,"2004",21.9896862082967,4.6104829163406,3943.84375860269,1810.65285592847,-5.59455715657253,55.8402967990112
"253","6619",175038,666632,2,12,191,2687.101911,19.113881748072,"H","Very Moist","Very Poor",1964,"2005",22.3122313182189,4.60231520701712,4055.55506534132,1821.45132068062,-5.59455715657253,55.8402967990112
"254","6619",175038,666632,2,12,191,2687.101911,19.113881748072,"H","Very Moist","Very Poor",1964,"2006",22.619352641434,4.61149680320094,4164.5170465392,1836.54573679442,-5.59455715657253,55.8402967990112
"255","6619",175038,666632,2,12,191,2687.101911,19.113881748072,"H","Very Moist","Very Poor",1964,"2007",22.932391113795,4.62080099942274,4277.10081020982,1851.81365453843,-5.59455715657253,55.8402967990112
"256","6619",175038,666632,2,12,191,2687.101911,19.113881748072,"H","Very Moist","Very Poor",1964,"2008",23.1610720470679,4.6164720359931,4359.61243873122,1858.92222997172,-5.59455715657253,55.8402967990112
"257","6619",175038,666632,2,12,191,2687.101911,19.113881748072,"H","Very Moist","Very Poor",1964,"2009",23.404931815704,4.60309322999303,4447.95124776821,1861.05236710621,-5.59455715657253,55.8402967990112
"258","6619",175038,666632,2,12,191,2687.101911,19.113881748072,"H","Very Moist","Very Poor",1964,"2010",23.6583473505707,4.57504497748324,4539.85315432715,1857.85209529977,-5.59455715657253,55.8402967990112
"259","7643",488167,494894,2,16,240,1149.098166,23.3059633027523,"1","Very Moist","Very Poor",1975,"1978",0.145110570066345,0.383926481002362,1.15767330212412,3.06291565687937,-0.645320378959044,54.3419867177062
"260","7643",488167,494894,2,16,240,1149.098166,23.3059633027523,"1","Very Moist","Very Poor",1975,"1979",0.285619906134332,0.64233000566722,3.41825267135269,8.7831835405991,-0.645320378959044,54.3419867177062
"261","7643",488167,494894,2,16,240,1149.098166,23.3059633027523,"1","Very Moist","Very Poor",1975,"1980",0.671958993460777,1.02007476113128,10.551282773051,20.8021533117407,-0.645320378959044,54.3419867177062
"262","7643",488167,494894,2,16,240,1149.098166,23.3059633027523,"1","Very Moist","Very Poor",1975,"1981",1.50914063475564,1.61027534960254,35.3434316736999,44.1613679630245,-0.645320378959044,54.3419867177062
"263","7643",488167,494894,2,16,240,1149.098166,23.3059633027523,"1","Very Moist","Very Poor",1975,"1982",2.29738625475043,2.06958730609602,70.2875648284868,84.9926537800328,-0.645320378959044,54.3419867177062
"264","7643",488167,494894,2,16,240,1149.098166,23.3059633027523,"1","Very Moist","Very Poor",1975,"1983",3.51417680239548,2.02013241338888,124.465053901185,128.686130034787,-0.645320378959044,54.3419867177062
"265","7643",488167,494894,2,16,240,1149.098166,23.3059633027523,"1","Very Moist","Very Poor",1975,"1984",5.19732360503839,2.3150127119308,248.231722483758,212.632094774145,-0.645320378959044,54.3419867177062
"266","7643",488167,494894,2,16,240,1149.098166,23.3059633027523,"1","Very Moist","Very Poor",1975,"1985",6.84337596858546,2.64077347652504,414.762789684629,316.308120802984,-0.645320378959044,54.3419867177062
"267","7643",488167,494894,2,16,240,1149.098166,23.3059633027523,"1","Very Moist","Very Poor",1975,"1986",8.42737154915972,2.87107801078726,613.286764141418,417.19797538688,-0.645320378959044,54.3419867177062
"268","7643",488167,494894,2,16,240,1149.098166,23.3059633027523,"1","Very Moist","Very Poor",1975,"1987",9.77479504492007,3.09201951262197,814.783089765852,516.491427683376,-0.645320378959044,54.3419867177062
"269","7643",488167,494894,2,16,240,1149.098166,23.3059633027523,"1","Very Moist","Very Poor",1975,"1988",11.1708801314051,3.2343522763358,1050.51060179268,608.255912470655,-0.645320378959044,54.3419867177062
"270","7643",488167,494894,2,16,240,1149.098166,23.3059633027523,"1","Very Moist","Very Poor",1975,"1989",12.2732517307407,3.32732681323676,1257.5970184425,679.787816575631,-0.645320378959044,54.3419867177062
"271","7643",488167,494894,2,16,240,1149.098166,23.3059633027523,"1","Very Moist","Very Poor",1975,"1990",13.1646974182376,3.40005491766864,1438.99198225557,739.732196842405,-0.645320378959044,54.3419867177062
"272","7643",488167,494894,2,16,240,1149.098166,23.3059633027523,"1","Very Moist","Very Poor",1975,"1991",14.0144564526046,3.45208655956826,1622.78557569689,797.419937426615,-0.645320378959044,54.3419867177062
"273","7643",488167,494894,2,16,240,1149.098166,23.3059633027523,"1","Very Moist","Very Poor",1975,"1992",15.1929873108578,3.40044780043827,1890.75218454082,851.241865268545,-0.645320378959044,54.3419867177062
"274","7643",488167,494894,2,16,240,1149.098166,23.3059633027523,"1","Very Moist","Very Poor",1975,"1993",16.4635179108688,3.43659780353971,2208.30758486292,929.340419359789,-0.645320378959044,54.3419867177062
"275","7643",488167,494894,2,16,240,1149.098166,23.3059633027523,"1","Very Moist","Very Poor",1975,"1994",17.701065568469,3.56607526973517,2546.48009837353,1028.1339512062,-0.645320378959044,54.3419867177062
"276","7643",488167,494894,2,16,240,1149.098166,23.3059633027523,"1","Very Moist","Very Poor",1975,"1995",18.4615386719039,3.66367653803804,2767.22030574901,1097.41949592184,-0.645320378959044,54.3419867177062
"277","7643",488167,494894,2,16,240,1149.098166,23.3059633027523,"1","Very Moist","Very Poor",1975,"1996",19.1282484401861,3.80026392501147,2970.91581983453,1179.41669273565,-0.645320378959044,54.3419867177062
"278","7643",488167,494894,2,16,240,1149.098166,23.3059633027523,"1","Very Moist","Very Poor",1975,"1997",19.8836788267116,3.94199360880318,3209.76596305859,1274.377424619,-0.645320378959044,54.3419867177062
"279","7643",488167,494894,2,16,240,1149.098166,23.3059633027523,"1","Very Moist","Very Poor",1975,"1998",20.4906295848808,4.06707504707242,3408.97349452096,1357.96235262364,-0.645320378959044,54.3419867177062
"280","7643",488167,494894,2,16,240,1149.098166,23.3059633027523,"1","Very Moist","Very Poor",1975,"1999",21.1140256187381,4.21502584131205,3620.92474518829,1441.0166572008,-0.645320378959044,54.3419867177062
"281","7643",488167,494894,2,16,240,1149.098166,23.3059633027523,"1","Very Moist","Very Poor",1975,"2000",21.7286842289763,4.42973600921103,3840.24403294565,1555.00248358314,-0.645320378959044,54.3419867177062
"282","7643",488167,494894,2,16,240,1149.098166,23.3059633027523,"1","Very Moist","Very Poor",1975,"2001",22.3667977650838,4.61580227545779,4072.5691684141,1668.38501403766,-0.645320378959044,54.3419867177062
"283","7643",488167,494894,2,16,240,1149.098166,23.3059633027523,"1","Very Moist","Very Poor",1975,"2002",22.9297631683354,4.78995192449456,4283.87586509792,1768.55819090556,-0.645320378959044,54.3419867177062
"284","7643",488167,494894,2,16,240,1149.098166,23.3059633027523,"1","Very Moist","Very Poor",1975,"2003",23.5057307237656,4.93761017066497,4503.60277539904,1860.15432241694,-0.645320378959044,54.3419867177062
"285","7643",488167,494894,2,16,240,1149.098166,23.3059633027523,"1","Very Moist","Very Poor",1975,"2004",24.1349109853179,5.08851391055279,4749.20770665495,1961.96836827386,-0.645320378959044,54.3419867177062
"286","7643",488167,494894,2,16,240,1149.098166,23.3059633027523,"1","Very Moist","Very Poor",1975,"2005",24.7857264723008,5.21175123063676,5007.81062326294,2055.15016159051,-0.645320378959044,54.3419867177062
"287","7643",488167,494894,2,16,240,1149.098166,23.3059633027523,"1","Very Moist","Very Poor",1975,"2006",25.3453973433644,5.30657815891755,5234.8838556667,2134.67472443836,-0.645320378959044,54.3419867177062
"288","7643",488167,494894,2,16,240,1149.098166,23.3059633027523,"1","Very Moist","Very Poor",1975,"2007",26.0888465728951,5.44053089724626,5544.90168419703,2241.23035763407,-0.645320378959044,54.3419867177062
"289","7643",488167,494894,2,16,240,1149.098166,23.3059633027523,"1","Very Moist","Very Poor",1975,"2008",26.6306656135386,5.57684985828321,5779.35685449082,2335.50100120438,-0.645320378959044,54.3419867177062
"290","7643",488167,494894,2,16,240,1149.098166,23.3059633027523,"1","Very Moist","Very Poor",1975,"2009",27.136502720306,5.73551381357756,6005.04795996229,2437.93603409445,-0.645320378959044,54.3419867177062
"291","7643",488167,494894,2,16,240,1149.098166,23.3059633027523,"1","Very Moist","Very Poor",1975,"2010",27.6655333704627,5.89139170627022,6244.95115307653,2543.90428935891,-0.645320378959044,54.3419867177062
"292","7643",488167,494894,2,16,240,1149.098166,23.3059633027523,"1","Very Moist","Very Poor",1975,"2011",28.227987159589,5.9779624178988,6498.77824925609,2628.26205202419,-0.645320378959044,54.3419867177062
"293","9004",461550,499113,2,12,350,1741.640127,23.6173913043478,"-1","Very Wet","Very Poor",1970,"1976",0.0261531973787528,0.0827036718128041,5.37204280184584,16.9878909417454,-1.05379692469472,54.3837981888506
"294","9004",461550,499113,2,12,350,1741.640127,23.6173913043478,"-1","Very Wet","Very Poor",1970,"1977",0.176251787652456,0.395695011448219,135.07417456388,341.40435169389,-1.05379692469472,54.3837981888506
"295","9004",461550,499113,2,12,350,1741.640127,23.6173913043478,"-1","Very Wet","Very Poor",1970,"1978",0.670747487577401,0.766400237312406,768.53926467717,1085.07779130766,-1.05379692469472,54.3837981888506
"296","9004",461550,499113,2,12,350,1741.640127,23.6173913043478,"-1","Very Wet","Very Poor",1970,"1979",1.24027022909654,1.21310666986863,2248.38701111064,2606.12924849462,-1.05379692469472,54.3837981888506
"297","9004",461550,499113,2,12,350,1741.640127,23.6173913043478,"-1","Very Wet","Very Poor",1970,"1980",2.15761895946026,1.72799698240514,5766.93978651976,5217.64259636319,-1.05379692469472,54.3837981888506
"298","9004",461550,499113,2,12,350,1741.640127,23.6173913043478,"-1","Very Wet","Very Poor",1970,"1981",3.75571571421132,1.60764619877075,12905.2496557287,8263.92568377051,-1.05379692469472,54.3837981888506
"299","9004",461550,499113,2,12,350,1741.640127,23.6173913043478,"-1","Very Wet","Very Poor",1970,"1982",5.60302718048251,1.88204909728664,27160.4912464109,14241.5217017701,-1.05379692469472,54.3837981888506
"300","9004",461550,499113,2,12,350,1741.640127,23.6173913043478,"-1","Very Wet","Very Poor",1970,"1983",7.26220465309552,2.11132311127169,44572.549926116,21315.6044601003,-1.05379692469472,54.3837981888506
"301","9004",461550,499113,2,12,350,1741.640127,23.6173913043478,"-1","Very Wet","Very Poor",1970,"1984",8.84982300108539,2.32815172519437,65343.26467045,29498.5308009823,-1.05379692469472,54.3837981888506
"302","9004",461550,499113,2,12,350,1741.640127,23.6173913043478,"-1","Very Wet","Very Poor",1970,"1985",10.338482610976,2.35657643603586,87872.1764565653,36524.6191867817,-1.05379692469472,54.3837981888506
"303","9004",461550,499113,2,12,350,1741.640127,23.6173913043478,"-1","Very Wet","Very Poor",1970,"1986",11.6446899541105,2.37053354378735,110471.192214358,42518.5095772848,-1.05379692469472,54.3837981888506
"304","9004",461550,499113,2,12,350,1741.640127,23.6173913043478,"-1","Very Wet","Very Poor",1970,"1987",12.803511076499,2.29565607788153,132475.408675937,46506.3372967174,-1.05379692469472,54.3837981888506
"305","9004",461550,499113,2,12,350,1741.640127,23.6173913043478,"-1","Very Wet","Very Poor",1970,"1988",13.7798469792185,2.2843777977949,152823.345226763,50030.9063778613,-1.05379692469472,54.3837981888506
"306","9004",461550,499113,2,12,350,1741.640127,23.6173913043478,"-1","Very Wet","Very Poor",1970,"1989",14.4178583948846,2.37503673868923,167251.607236524,54021.6414534315,-1.05379692469472,54.3837981888506
"307","9004",461550,499113,2,12,350,1741.640127,23.6173913043478,"-1","Very Wet","Very Poor",1970,"1990",15.013411745769,2.45131431867223,181278.205583882,57738.2391016591,-1.05379692469472,54.3837981888506
"308","9004",461550,499113,2,12,350,1741.640127,23.6173913043478,"-1","Very Wet","Very Poor",1970,"1991",15.7071875735552,2.61388904665421,198599.640476012,65312.6990001782,-1.05379692469472,54.3837981888506
"309","9004",461550,499113,2,12,350,1741.640127,23.6173913043478,"-1","Very Wet","Very Poor",1970,"1992",16.3299749237766,2.78546990040805,214925.023694236,71928.5535924748,-1.05379692469472,54.3837981888506
"310","9004",461550,499113,2,12,350,1741.640127,23.6173913043478,"-1","Very Wet","Very Poor",1970,"1993",16.9218296589461,2.96481231679201,231110.807930502,80010.1208093059,-1.05379692469472,54.3837981888506
"311","9004",461550,499113,2,12,350,1741.640127,23.6173913043478,"-1","Very Wet","Very Poor",1970,"1994",17.5105605137689,3.1102262743783,247656.371921752,86821.5153248948,-1.05379692469472,54.3837981888506
"312","9004",461550,499113,2,12,350,1741.640127,23.6173913043478,"-1","Very Wet","Very Poor",1970,"1995",18.115186535721,3.25423643636236,265221.916744333,93402.78690635,-1.05379692469472,54.3837981888506
"313","9004",461550,499113,2,12,350,1741.640127,23.6173913043478,"-1","Very Wet","Very Poor",1970,"1996",18.6448146406531,3.43264869248303,281356.233245356,100650.238957243,-1.05379692469472,54.3837981888506
"314","9004",461550,499113,2,12,350,1741.640127,23.6173913043478,"-1","Very Wet","Very Poor",1970,"1997",19.220331849282,3.62935847497279,299453.607625503,109727.272270297,-1.05379692469472,54.3837981888506
"315","9004",461550,499113,2,12,350,1741.640127,23.6173913043478,"-1","Very Wet","Very Poor",1970,"1998",19.6261373282384,3.73625923418543,312391.283973305,114563.637486508,-1.05379692469472,54.3837981888506
"316","9004",461550,499113,2,12,350,1741.640127,23.6173913043478,"-1","Very Wet","Very Poor",1970,"1999",20.0280530164625,3.8416598108846,325473.257908226,119916.439505952,-1.05379692469472,54.3837981888506
"317","9004",461550,499113,2,12,350,1741.640127,23.6173913043478,"-1","Very Wet","Very Poor",1970,"2000",20.4555512778581,3.89645523029431,339365.602406324,123842.878554206,-1.05379692469472,54.3837981888506
"318","9004",461550,499113,2,12,350,1741.640127,23.6173913043478,"-1","Very Wet","Very Poor",1970,"2001",20.9263896693922,3.99459012724772,355215.84427819,129398.266597556,-1.05379692469472,54.3837981888506
"319","9004",461550,499113,2,12,350,1741.640127,23.6173913043478,"-1","Very Wet","Very Poor",1970,"2002",21.4197077692622,4.14697938543003,372499.878049346,137479.192585217,-1.05379692469472,54.3837981888506
"320","9004",461550,499113,2,12,350,1741.640127,23.6173913043478,"-1","Very Wet","Very Poor",1970,"2003",21.8142296576733,4.28087603936695,386693.868637347,144856.924918263,-1.05379692469472,54.3837981888506
"321","9004",461550,499113,2,12,350,1741.640127,23.6173913043478,"-1","Very Wet","Very Poor",1970,"2004",22.2424897606972,4.43451479051296,402459.051918513,153142.617329849,-1.05379692469472,54.3837981888506
"322","9004",461550,499113,2,12,350,1741.640127,23.6173913043478,"-1","Very Wet","Very Poor",1970,"2005",22.6719600675361,4.6292261985487,418856.402306038,163768.552241958,-1.05379692469472,54.3837981888506
"323","9004",461550,499113,2,12,350,1741.640127,23.6173913043478,"-1","Very Wet","Very Poor",1970,"2006",23.0128967613498,4.74272826399574,431841.395336494,170851.688341652,-1.05379692469472,54.3837981888506
"324","9004",461550,499113,2,12,350,1741.640127,23.6173913043478,"-1","Very Wet","Very Poor",1970,"2007",23.5385617011064,5.00177204876386,452844.745991405,185885.233462154,-1.05379692469472,54.3837981888506
"325","9004",461550,499113,2,12,350,1741.640127,23.6173913043478,"-1","Very Wet","Very Poor",1970,"2008",23.9544287333747,5.19105390779597,469720.717536313,197419.221907438,-1.05379692469472,54.3837981888506
"326","9004",461550,499113,2,12,350,1741.640127,23.6173913043478,"-1","Very Wet","Very Poor",1970,"2009",24.3641993028465,5.34372235948772,486408.109157028,207215.364738885,-1.05379692469472,54.3837981888506
"327","9004",461550,499113,2,12,350,1741.640127,23.6173913043478,"-1","Very Wet","Very Poor",1970,"2010",24.7305163461982,5.46996185613615,501497.833480515,214873.691479538,-1.05379692469472,54.3837981888506
"328","9004",461550,499113,2,12,350,1741.640127,23.6173913043478,"-1","Very Wet","Very Poor",1970,"2011",25.1865220202903,5.64775408261566,520772.628984298,224907.312105635,-1.05379692469472,54.3837981888506
"329","9008",461860,499401,1.7,16,340,2562.612646,23.7569620253165,"-1","Very Wet","Very Poor",1967,"1971",0.170937285445732,0.512811856337195,2.06540867417607,6.19622602252822,-1.04896464401759,54.386348624575
"330","9008",461860,499401,1.7,16,340,2562.612646,23.7569620253165,"-1","Very Wet","Very Poor",1967,"1972",1.2150906123403,1.26106913147645,22.6983294596254,29.7381322006322,-1.04896464401759,54.386348624575
"331","9008",461860,499401,1.7,16,340,2562.612646,23.7569620253165,"-1","Very Wet","Very Poor",1967,"1973",2.31542116162875,1.62240800973399,60.482847943478,56.3375189227412,-1.04896464401759,54.386348624575
"332","9008",461860,499401,1.7,16,340,2562.612646,23.7569620253165,"-1","Very Wet","Very Poor",1967,"1974",3.31240524026439,2.14231511808993,118.214962737545,96.6183822522623,-1.04896464401759,54.386348624575
"333","9008",461860,499401,1.7,16,340,2562.612646,23.7569620253165,"-1","Very Wet","Very Poor",1967,"1975",4.74713288948538,2.49947631776397,220.606555218161,162.981378120455,-1.04896464401759,54.386348624575
"334","9008",461860,499401,1.7,16,340,2562.612646,23.7569620253165,"-1","Very Wet","Very Poor",1967,"1976",6.88680236160218,1.63331187683416,391.12312129696,180.188366474556,-1.04896464401759,54.386348624575
"335","9008",461860,499401,1.7,16,340,2562.612646,23.7569620253165,"-1","Very Wet","Very Poor",1967,"1977",8.72261093915151,1.77052655228936,619.446663064483,246.04632477939,-1.04896464401759,54.386348624575
"336","9008",461860,499401,1.7,16,340,2562.612646,23.7569620253165,"-1","Very Wet","Very Poor",1967,"1978",10.5559110533242,2.06612100279299,904.949876142189,356.971528862118,-1.04896464401759,54.386348624575
"337","9008",461860,499401,1.7,16,340,2562.612646,23.7569620253165,"-1","Very Wet","Very Poor",1967,"1979",12.099905271071,2.19653793954409,1183.56675745131,439.491837002325,-1.04896464401759,54.386348624575
"338","9008",461860,499401,1.7,16,340,2562.612646,23.7569620253165,"-1","Very Wet","Very Poor",1967,"1980",13.3651477651576,2.19939390950916,1436.70550920601,488.338405586606,-1.04896464401759,54.386348624575
"339","9008",461860,499401,1.7,16,340,2562.612646,23.7569620253165,"-1","Very Wet","Very Poor",1967,"1981",14.4403763284244,2.33135272580311,1675.69223870767,562.468371112518,-1.04896464401759,54.386348624575
"340","9008",461860,499401,1.7,16,340,2562.612646,23.7569620253165,"-1","Very Wet","Very Poor",1967,"1982",15.4632398977688,2.48530373378575,1921.10133514655,643.877704970816,-1.04896464401759,54.386348624575
"341","9008",461860,499401,1.7,16,340,2562.612646,23.7569620253165,"-1","Very Wet","Very Poor",1967,"1983",16.3011870190861,2.60086299629917,2134.25335292516,707.67777162132,-1.04896464401759,54.386348624575
"342","9008",461860,499401,1.7,16,340,2562.612646,23.7569620253165,"-1","Very Wet","Very Poor",1967,"1984",16.996808762964,2.68942804863206,2319.44462710922,756.594754223011,-1.04896464401759,54.386348624575
"343","9008",461860,499401,1.7,16,340,2562.612646,23.7569620253165,"-1","Very Wet","Very Poor",1967,"1985",17.646871919639,2.81968997457531,2501.33084296427,818.655751956032,-1.04896464401759,54.386348624575
"344","9008",461860,499401,1.7,16,340,2562.612646,23.7569620253165,"-1","Very Wet","Very Poor",1967,"1986",18.2900184458468,2.91894106538441,2686.83377244851,872.562056157735,-1.04896464401759,54.386348624575
"345","9008",461860,499401,1.7,16,340,2562.612646,23.7569620253165,"-1","Very Wet","Very Poor",1967,"1987",18.8513199832947,3.01708095984246,2854.63661892596,924.238256257022,-1.04896464401759,54.386348624575
"346","9008",461860,499401,1.7,16,340,2562.612646,23.7569620253165,"-1","Very Wet","Very Poor",1967,"1988",19.3769846072044,3.09861084097018,3015.94544548577,973.428136089154,-1.04896464401759,54.386348624575
"347","9008",461860,499401,1.7,16,340,2562.612646,23.7569620253165,"-1","Very Wet","Very Poor",1967,"1989",19.7480874818231,3.16775125524889,3133.00547382286,1011.89646704647,-1.04896464401759,54.386348624575
"348","9008",461860,499401,1.7,16,340,2562.612646,23.7569620253165,"-1","Very Wet","Very Poor",1967,"1990",20.1275910425451,3.2618796800997,3256.08464940347,1061.99147319838,-1.04896464401759,54.386348624575
"349","9008",461860,499401,1.7,16,340,2562.612646,23.7569620253165,"-1","Very Wet","Very Poor",1967,"1991",20.3593465664643,3.29327561054748,3331.2159114837,1082.20899178601,-1.04896464401759,54.386348624575
"350","9008",461860,499401,1.7,16,340,2562.612646,23.7569620253165,"-1","Very Wet","Very Poor",1967,"1992",20.584470095329,3.31809181008629,3404.75474911718,1098.43949822906,-1.04896464401759,54.386348624575
"351","9008",461860,499401,1.7,16,340,2562.612646,23.7569620253165,"-1","Very Wet","Very Poor",1967,"1993",20.8297656517605,3.37837570807639,3487.35949429944,1130.14105446451,-1.04896464401759,54.386348624575
"352","9008",461860,499401,1.7,16,340,2562.612646,23.7569620253165,"-1","Very Wet","Very Poor",1967,"1994",21.0485537684914,3.43519672762237,3562.02427897277,1159.81652491578,-1.04896464401759,54.386348624575
"353","9008",461860,499401,1.7,16,340,2562.612646,23.7569620253165,"-1","Very Wet","Very Poor",1967,"1995",21.3107818704875,3.50805131297893,3652.79628191783,1199.58633900479,-1.04896464401759,54.386348624575
"354","9008",461860,499401,1.7,16,340,2562.612646,23.7569620253165,"-1","Very Wet","Very Poor",1967,"1996",21.6062030334239,3.61488588926831,3757.68627482422,1257.92317784114,-1.04896464401759,54.386348624575
"355","9008",461860,499401,1.7,16,340,2562.612646,23.7569620253165,"-1","Very Wet","Very Poor",1967,"1997",22.0165708721112,3.75169507246221,3905.31929407851,1334.77695290695,-1.04896464401759,54.386348624575
"356","9008",461860,499401,1.7,16,340,2562.612646,23.7569620253165,"-1","Very Wet","Very Poor",1967,"1998",22.3656692731641,3.827106092938,4030.99706990387,1383.57730662259,-1.04896464401759,54.386348624575
"357","9008",461860,499401,1.7,16,340,2562.612646,23.7569620253165,"-1","Very Wet","Very Poor",1967,"1999",22.6591904542422,3.94396384673732,4141.13312995945,1445.37971251603,-1.04896464401759,54.386348624575
"358","9008",461860,499401,1.7,16,340,2562.612646,23.7569620253165,"-1","Very Wet","Very Poor",1967,"2000",22.9405590291891,4.03907662238309,4247.20319559139,1497.6237404929,-1.04896464401759,54.386348624575
"359","9008",461860,499401,1.7,16,340,2562.612646,23.7569620253165,"-1","Very Wet","Very Poor",1967,"2001",23.215356347593,4.12063138759845,4351.46515131425,1545.67573116335,-1.04896464401759,54.386348624575
"360","9008",461860,499401,1.7,16,340,2562.612646,23.7569620253165,"-1","Very Wet","Very Poor",1967,"2002",23.5421554339163,4.1981287602316,4475.97717193185,1595.62345766639,-1.04896464401759,54.386348624575
"361","9008",461860,499401,1.7,16,340,2562.612646,23.7569620253165,"-1","Very Wet","Very Poor",1967,"2003",23.8482589047397,4.29495623791437,4595.65112171117,1655.14583455461,-1.04896464401759,54.386348624575
"362","9008",461860,499401,1.7,16,340,2562.612646,23.7569620253165,"-1","Very Wet","Very Poor",1967,"2004",24.253877333583,4.45046073026849,4758.38529769953,1753.34979857905,-1.04896464401759,54.386348624575
"363","9008",461860,499401,1.7,16,340,2562.612646,23.7569620253165,"-1","Very Wet","Very Poor",1967,"2005",24.6747726605508,4.59016020314327,4928.94613370545,1845.36266455459,-1.04896464401759,54.386348624575
"364","9008",461860,499401,1.7,16,340,2562.612646,23.7569620253165,"-1","Very Wet","Very Poor",1967,"2006",25.0132922721201,4.72058775594047,5069.53108245989,1926.60314984005,-1.04896464401759,54.386348624575
"365","9008",461860,499401,1.7,16,340,2562.612646,23.7569620253165,"-1","Very Wet","Very Poor",1967,"2007",25.5110053306169,4.87515980633762,5277.3869675049,2033.06676698296,-1.04896464401759,54.386348624575
"366","9008",461860,499401,1.7,16,340,2562.612646,23.7569620253165,"-1","Very Wet","Very Poor",1967,"2008",25.9240620725661,5.04304470567899,5455.87423841632,2142.30089737875,-1.04896464401759,54.386348624575
"367","9008",461860,499401,1.7,16,340,2562.612646,23.7569620253165,"-1","Very Wet","Very Poor",1967,"2009",26.3498053542459,5.26022111285575,5646.28812461793,2278.36983669582,-1.04896464401759,54.386348624575
"368","9008",461860,499401,1.7,16,340,2562.612646,23.7569620253165,"-1","Very Wet","Very Poor",1967,"2010",26.7756192646697,5.47886763449287,5840.34990394119,2421.02939126021,-1.04896464401759,54.386348624575
"369","9008",461860,499401,1.7,16,340,2562.612646,23.7569620253165,"-1","Very Wet","Very Poor",1967,"2011",27.2174141703103,5.68026967867103,6043.38790299736,2556.30558824673,-1.04896464401759,54.386348624575
"370","EXM7",269680,133212,2,18,183,669.0340063,26.0165413533835,"H","Fresh","Poor",1970,"1973",0.46678624808289,0.351260679647171,255.922351516342,268.635564280105,-3.86194269488832,51.0833810882978
"371","EXM7",269680,133212,2,18,183,669.0340063,26.0165413533835,"H","Fresh","Poor",1970,"1974",1.15148210176921,0.568730088076847,1263.65318395598,910.724987277946,-3.86194269488832,51.0833810882978
"372","EXM7",269680,133212,2,18,183,669.0340063,26.0165413533835,"H","Fresh","Poor",1970,"1975",1.67161053154669,0.851828329300906,2693.28096832377,2145.18113223932,-3.86194269488832,51.0833810882978
"373","EXM7",269680,133212,2,18,183,669.0340063,26.0165413533835,"H","Fresh","Poor",1970,"1976",2.14115013878253,1.0775248388912,4398.5841046882,3284.79279507175,-3.86194269488832,51.0833810882978
"374","EXM7",269680,133212,2,18,183,669.0340063,26.0165413533835,"H","Fresh","Poor",1970,"1977",2.759455566383,1.45353981728874,7432.43941201874,5729.67980829759,-3.86194269488832,51.0833810882978
"375","EXM7",269680,133212,2,18,183,669.0340063,26.0165413533835,"H","Fresh","Poor",1970,"1978",3.84885418526469,1.51319443024062,13208.2107563466,10127.1288306789,-3.86194269488832,51.0833810882978
"376","EXM7",269680,133212,2,18,183,669.0340063,26.0165413533835,"H","Fresh","Poor",1970,"1979",5.03539897002852,1.65181871105528,21789.0536187777,14820.8151256575,-3.86194269488832,51.0833810882978
"377","EXM7",269680,133212,2,18,183,669.0340063,26.0165413533835,"H","Fresh","Poor",1970,"1980",5.87653172027728,1.71219854310985,29137.3261869516,18028.359795696,-3.86194269488832,51.0833810882978
"378","EXM7",269680,133212,2,18,183,669.0340063,26.0165413533835,"H","Fresh","Poor",1970,"1981",6.89664721222044,1.78590484304809,39548.3450642995,22088.2123931373,-3.86194269488832,51.0833810882978
"379","EXM7",269680,133212,2,18,183,669.0340063,26.0165413533835,"H","Fresh","Poor",1970,"1982",8.22487480942343,2.06723445578185,56067.8797121497,29478.2863668637,-3.86194269488832,51.0833810882978
"380","EXM7",269680,133212,2,18,183,669.0340063,26.0165413533835,"H","Fresh","Poor",1970,"1983",9.08700879264145,2.13054691705566,67972.7200984778,33580.3136455838,-3.86194269488832,51.0833810882978
"381","EXM7",269680,133212,2,18,183,669.0340063,26.0165413533835,"H","Fresh","Poor",1970,"1984",9.89158624979541,2.16674744191879,80072.4609333247,37026.825001496,-3.86194269488832,51.0833810882978
"382","EXM7",269680,133212,2,18,183,669.0340063,26.0165413533835,"H","Fresh","Poor",1970,"1985",11.0901284933638,2.30769728563815,100256.651581415,43775.593368666,-3.86194269488832,51.0833810882978
"383","EXM7",269680,133212,2,18,183,669.0340063,26.0165413533835,"H","Fresh","Poor",1970,"1986",12.4580464822662,2.44764589031639,126013.225022407,51764.2941918984,-3.86194269488832,51.0833810882978
"384","EXM7",269680,133212,2,18,183,669.0340063,26.0165413533835,"H","Fresh","Poor",1970,"1987",13.7242464904352,2.5866879022179,152531.805620414,59250.8874191956,-3.86194269488832,51.0833810882978
"385","EXM7",269680,133212,2,18,183,669.0340063,26.0165413533835,"H","Fresh","Poor",1970,"1988",14.8251062282461,2.69495723905227,177608.935269993,65555.6621623806,-3.86194269488832,51.0833810882978
"386","EXM7",269680,133212,2,18,183,669.0340063,26.0165413533835,"H","Fresh","Poor",1970,"1989",15.5347420334458,2.71125784619787,194590.456517152,68508.0531334272,-3.86194269488832,51.0833810882978
"387","EXM7",269680,133212,2,18,183,669.0340063,26.0165413533835,"H","Fresh","Poor",1970,"1990",16.2647719587145,2.7826492570979,213092.699459351,73219.6037676707,-3.86194269488832,51.0833810882978
"388","EXM7",269680,133212,2,18,183,669.0340063,26.0165413533835,"H","Fresh","Poor",1970,"1991",17.0357137301714,2.97274739348496,234007.903077351,82028.0920997914,-3.86194269488832,51.0833810882978
"389","EXM7",269680,133212,2,18,183,669.0340063,26.0165413533835,"H","Fresh","Poor",1970,"1992",17.8949410902626,3.11487168580084,258174.936837178,90555.7120352074,-3.86194269488832,51.0833810882978
"390","EXM7",269680,133212,2,18,183,669.0340063,26.0165413533835,"H","Fresh","Poor",1970,"1993",18.6903085940596,3.18324036087546,281324.931053255,96288.4039006469,-3.86194269488832,51.0833810882978
"391","EXM7",269680,133212,2,18,183,669.0340063,26.0165413533835,"H","Fresh","Poor",1970,"1994",19.2972362976519,3.22463395134059,299615.112812009,100159.653803517,-3.86194269488832,51.0833810882978
"392","EXM7",269680,133212,2,18,183,669.0340063,26.0165413533835,"H","Fresh","Poor",1970,"1995",19.8537248323184,3.25659683124147,316868.994873571,103741.708894842,-3.86194269488832,51.0833810882978
"393","EXM7",269680,133212,2,18,183,669.0340063,26.0165413533835,"H","Fresh","Poor",1970,"1996",20.3285047818615,3.33769435434786,332220.11252157,108934.791259806,-3.86194269488832,51.0833810882978
"394","EXM7",269680,133212,2,18,183,669.0340063,26.0165413533835,"H","Fresh","Poor",1970,"1997",20.933690205842,3.40665630144187,352152.139202576,114238.402206667,-3.86194269488832,51.0833810882978
"395","EXM7",269680,133212,2,18,183,669.0340063,26.0165413533835,"H","Fresh","Poor",1970,"1998",21.765608875119,3.56727306289548,380821.102499306,123663.232272896,-3.86194269488832,51.0833810882978
"396","EXM7",269680,133212,2,18,183,669.0340063,26.0165413533835,"H","Fresh","Poor",1970,"1999",22.5871020261689,3.76060563655632,410411.038135595,134671.548981616,-3.86194269488832,51.0833810882978
"397","EXM7",269680,133212,2,18,183,669.0340063,26.0165413533835,"H","Fresh","Poor",1970,"2000",23.3097899109092,3.8906986135249,437146.059224167,143351.419164672,-3.86194269488832,51.0833810882978
"398","EXM7",269680,133212,2,18,183,669.0340063,26.0165413533835,"H","Fresh","Poor",1970,"2001",23.820353509468,3.96884115565502,456467.112825091,149513.455055772,-3.86194269488832,51.0833810882978
"399","EXM7",269680,133212,2,18,183,669.0340063,26.0165413533835,"H","Fresh","Poor",1970,"2002",24.5109610127473,4.07893163638813,483290.976309528,157950.023001878,-3.86194269488832,51.0833810882978
"400","EXM7",269680,133212,2,18,183,669.0340063,26.0165413533835,"H","Fresh","Poor",1970,"2003",24.9969501018608,4.16288693673194,502663.415720454,164372.740075404,-3.86194269488832,51.0833810882978
"401","EXM7",269680,133212,2,18,183,669.0340063,26.0165413533835,"H","Fresh","Poor",1970,"2004",25.4195972015149,4.28509743926303,520108.511537779,172218.219435831,-3.86194269488832,51.0833810882978
"402","EXM7",269680,133212,2,18,183,669.0340063,26.0165413533835,"H","Fresh","Poor",1970,"2005",26.056453129243,4.53591669992823,547376.552455025,186697.582329964,-3.86194269488832,51.0833810882978
"403","EXM7",269680,133212,2,18,183,669.0340063,26.0165413533835,"H","Fresh","Poor",1970,"2006",26.628279058901,4.75714291603596,572450.687920986,200088.469889959,-3.86194269488832,51.0833810882978
"404","EXM7",269680,133212,2,18,183,669.0340063,26.0165413533835,"H","Fresh","Poor",1970,"2007",27.4196862508916,4.96559878913466,607438.107159978,215098.48293373,-3.86194269488832,51.0833810882978
"405","EXM7",269680,133212,2,18,183,669.0340063,26.0165413533835,"H","Fresh","Poor",1970,"2008",28.0389810400401,5.17660974031297,635883.552678375,229030.864418811,-3.86194269488832,51.0833810882978
"406","EXM7",269680,133212,2,18,183,669.0340063,26.0165413533835,"H","Fresh","Poor",1970,"2009",28.4763085565241,5.35420475514953,656580.470229044,240059.246819573,-3.86194269488832,51.0833810882978
"407","EXM7",269680,133212,2,18,183,669.0340063,26.0165413533835,"H","Fresh","Poor",1970,"2010",28.912072937091,5.62174672381586,678239.610754224,257063.092470694,-3.86194269488832,51.0833810882978
"408","EXM7",269680,133212,2,18,183,669.0340063,26.0165413533835,"H","Fresh","Poor",1970,"2011",29.4440630520139,5.83271889926136,704282.93423416,272774.41037504,-3.86194269488832,51.0833810882978
"409","FERN",266004,82670,2,18,425,678.5552091,23.912,"H","Moist","Very Poor",1971,"1975",0,0,0,0,-3.89587794194264,50.6282881626291
"410","FERN",266004,82670,2,18,425,678.5552091,23.912,"H","Moist","Very Poor",1971,"1976",2.29867735113088,1.94888957562131,65.3644010774539,72.8961493484245,-3.89587794194264,50.6282881626291
"411","FERN",266004,82670,2,18,425,678.5552091,23.912,"H","Moist","Very Poor",1971,"1977",3.92104701505018,3.01822816945565,177.989843421524,191.310256411612,-3.89587794194264,50.6282881626291
"412","FERN",266004,82670,2,18,425,678.5552091,23.912,"H","Moist","Very Poor",1971,"1978",5.97073366659917,4.10693702015846,385.969836317966,357.945807685715,-3.89587794194264,50.6282881626291
"413","FERN",266004,82670,2,18,425,678.5552091,23.912,"H","Moist","Very Poor",1971,"1979",7.52716224202819,5.00213991499673,602.206354006435,528.915254949639,-3.89587794194264,50.6282881626291
"414","FERN",266004,82670,2,18,425,678.5552091,23.912,"H","Moist","Very Poor",1971,"1980",9.97141147557315,4.24393308336503,894.080157176822,666.035471271013,-3.89587794194264,50.6282881626291
"415","FERN",266004,82670,2,18,425,678.5552091,23.912,"H","Moist","Very Poor",1971,"1981",12.1798438688771,3.82393390341951,1257.00284545977,757.57729348913,-3.89587794194264,50.6282881626291
"416","FERN",266004,82670,2,18,425,678.5552091,23.912,"H","Moist","Very Poor",1971,"1982",14.1197608092815,3.74401909229982,1653.90549918811,865.721180366103,-3.89587794194264,50.6282881626291
"417","FERN",266004,82670,2,18,425,678.5552091,23.912,"H","Moist","Very Poor",1971,"1983",15.5929506354997,3.82877677180872,2001.72650802184,981.167987425274,-3.89587794194264,50.6282881626291
"418","FERN",266004,82670,2,18,425,678.5552091,23.912,"H","Moist","Very Poor",1971,"1984",16.8674013919422,3.98824517684989,2334.47123613531,1107.47104870075,-3.89587794194264,50.6282881626291
"419","FERN",266004,82670,2,18,425,678.5552091,23.912,"H","Moist","Very Poor",1971,"1985",18.0456412499248,4.20780878675705,2668.85907961959,1249.38950696678,-3.89587794194264,50.6282881626291
"420","FERN",266004,82670,2,18,425,678.5552091,23.912,"H","Moist","Very Poor",1971,"1986",19.1971078500487,4.47081581811132,3020.00913072457,1412.18900116834,-3.89587794194264,50.6282881626291
"421","FERN",266004,82670,2,18,425,678.5552091,23.912,"H","Moist","Very Poor",1971,"1987",20.591789243234,4.59629966827792,3462.99769413751,1551.33196106814,-3.89587794194264,50.6282881626291
"422","FERN",266004,82670,2,18,425,678.5552091,23.912,"H","Moist","Very Poor",1971,"1988",21.5132330115728,4.73022733863945,3775.56004396948,1665.75846881115,-3.89587794194264,50.6282881626291
"423","FERN",266004,82670,2,18,425,678.5552091,23.912,"H","Moist","Very Poor",1971,"1989",21.9528071877648,4.6795609828763,3922.6269580013,1680.8971792361,-3.89587794194264,50.6282881626291
"424","FERN",266004,82670,2,18,425,678.5552091,23.912,"H","Moist","Very Poor",1971,"1990",22.3906168371013,4.6075201941231,4070.90023523498,1686.71289023133,-3.89587794194264,50.6282881626291
"425","FERN",266004,82670,2,18,425,678.5552091,23.912,"H","Moist","Very Poor",1971,"1991",23.0270760804495,4.59605295009638,4297.26831257578,1726.36706002151,-3.89587794194264,50.6282881626291
"426","FERN",266004,82670,2,18,425,678.5552091,23.912,"H","Moist","Very Poor",1971,"1992",23.8664639063951,4.65413151528802,4609.79125217654,1803.61540390216,-3.89587794194264,50.6282881626291
"427","FERN",266004,82670,2,18,425,678.5552091,23.912,"H","Moist","Very Poor",1971,"1993",24.6912785044164,4.78187208224765,4931.92563228199,1913.46042825587,-3.89587794194264,50.6282881626291
"428","FERN",266004,82670,2,18,425,678.5552091,23.912,"H","Moist","Very Poor",1971,"1994",25.3350459913002,4.75826046431069,5183.45029595785,1950.9717015445,-3.89587794194264,50.6282881626291
"429","FERN",266004,82670,2,18,425,678.5552091,23.912,"H","Moist","Very Poor",1971,"1995",25.7757813180003,4.72038557903379,5358.11613286858,1963.23878134363,-3.89587794194264,50.6282881626291
"430","FERN",266004,82670,2,18,425,678.5552091,23.912,"H","Moist","Very Poor",1971,"1996",26.2853688149861,4.771171145398,5569.50870675545,2024.70660667883,-3.89587794194264,50.6282881626291
"431","FERN",266004,82670,2,18,425,678.5552091,23.912,"H","Moist","Very Poor",1971,"1997",26.8500194684386,4.77429908166044,5805.33878239067,2067.88310835646,-3.89587794194264,50.6282881626291
"432","FERN",266004,82670,2,18,425,678.5552091,23.912,"H","Moist","Very Poor",1971,"1998",27.3603226625836,4.84623297934079,6026.95728895494,2137.20319610218,-3.89587794194264,50.6282881626291
"433","FERN",266004,82670,2,18,425,678.5552091,23.912,"H","Moist","Very Poor",1971,"1999",27.8848603351495,4.91667680309813,6258.87255728809,2206.64749395059,-3.89587794194264,50.6282881626291
"434","FERN",266004,82670,2,18,425,678.5552091,23.912,"H","Moist","Very Poor",1971,"2000",28.337671464338,4.9023038239487,6457.93396573798,2234.464169066,-3.89587794194264,50.6282881626291
"435","FERN",266004,82670,2,18,425,678.5552091,23.912,"H","Moist","Very Poor",1971,"2001",28.7755549517826,4.93563508204022,6656.41403629038,2279.98624792947,-3.89587794194264,50.6282881626291
"436","FERN",266004,82670,2,18,425,678.5552091,23.912,"H","Moist","Very Poor",1971,"2002",29.2486904778196,5.05920202615623,6879.79193233956,2368.96517713732,-3.89587794194264,50.6282881626291
"437","FERN",266004,82670,2,18,425,678.5552091,23.912,"H","Moist","Very Poor",1971,"2003",29.6722206597641,5.12703574596837,7080.12784429805,2425.83131546579,-3.89587794194264,50.6282881626291
"438","FERN",266004,82670,2,18,425,678.5552091,23.912,"H","Moist","Very Poor",1971,"2004",30.1086384818528,5.21784676896139,7290.93637558586,2493.12051284882,-3.89587794194264,50.6282881626291
"439","FERN",266004,82670,2,18,425,678.5552091,23.912,"H","Moist","Very Poor",1971,"2005",30.518995732359,5.28288916253247,7490.62687204715,2552.28044065866,-3.89587794194264,50.6282881626291
"440","FERN",266004,82670,2,18,425,678.5552091,23.912,"H","Moist","Very Poor",1971,"2006",30.9775842604043,5.28736565287372,7712.41923099752,2585.96218192251,-3.89587794194264,50.6282881626291
"441","FERN",266004,82670,2,18,425,678.5552091,23.912,"H","Moist","Very Poor",1971,"2007",31.6233615485751,5.32037517513241,8032.1265033278,2640.4322826132,-3.89587794194264,50.6282881626291
"442","FERN",266004,82670,2,18,425,678.5552091,23.912,"H","Moist","Very Poor",1971,"2008",32.1803590966989,5.30986914343975,8310.5436382668,2664.20973205337,-3.89587794194264,50.6282881626291
"443","FERN",266004,82670,2,18,425,678.5552091,23.912,"H","Moist","Very Poor",1971,"2009",32.7658609037968,5.39355116035581,8614.82790569948,2744.12221788117,-3.89587794194264,50.6282881626291
"444","FERN",266004,82670,2,18,425,678.5552091,23.912,"H","Moist","Very Poor",1971,"2010",33.3208488894671,5.58890333473647,8916.37121857429,2887.15469954155,-3.89587794194264,50.6282881626291
"445","FERN",266004,82670,2,18,425,678.5552091,23.912,"H","Moist","Very Poor",1971,"2011",33.8818313679645,5.80329557691916,9227.80865036705,3044.29963639977,-3.89587794194264,50.6282881626291
"446","QUA6",316574,135751,2,14,285,1025.852143,21.3276119402985,"1","Slightly Dry","Very Poor",1971,"1976",0.278818420111023,0.446402238327456,1.98003039586269,3.67607047008102,-3.19322847913191,51.1149537152625
"447","QUA6",316574,135751,2,14,285,1025.852143,21.3276119402985,"1","Slightly Dry","Very Poor",1971,"1977",0.914532796590209,1.04386948481661,14.0572589588889,18.5241670400072,-3.19322847913191,51.1149537152625
"448","QUA6",316574,135751,2,14,285,1025.852143,21.3276119402985,"1","Slightly Dry","Very Poor",1971,"1978",2.67865220908053,2.76771571105518,108.996745268131,159.551965326157,-3.19322847913191,51.1149537152625
"449","QUA6",316574,135751,2,14,285,1025.852143,21.3276119402985,"1","Slightly Dry","Very Poor",1971,"1979",3.86155063253933,3.45438648025725,199.120119251004,271.346958726401,-3.19322847913191,51.1149537152625
"450","QUA6",316574,135751,2,14,285,1025.852143,21.3276119402985,"1","Slightly Dry","Very Poor",1971,"1980",4.50959722724733,3.77494236286629,257.652877655576,319.656292043379,-3.19322847913191,51.1149537152625
"451","QUA6",316574,135751,2,14,285,1025.852143,21.3276119402985,"1","Slightly Dry","Very Poor",1971,"1981",5.65269532265409,3.99713641591113,360.756361103968,414.66406889987,-3.19322847913191,51.1149537152625
"452","QUA6",316574,135751,2,14,285,1025.852143,21.3276119402985,"1","Slightly Dry","Very Poor",1971,"1982",7.07480864710669,3.85777931724611,495.390449165603,493.060973630968,-3.19322847913191,51.1149537152625
"453","QUA6",316574,135751,2,14,285,1025.852143,21.3276119402985,"1","Slightly Dry","Very Poor",1971,"1983",8.07095359235259,3.85297583527432,613.631874314485,546.628019587701,-3.19322847913191,51.1149537152625
"454","QUA6",316574,135751,2,14,285,1025.852143,21.3276119402985,"1","Slightly Dry","Very Poor",1971,"1984",8.83216500029982,3.67998747962029,705.732541319265,565.875600300921,-3.19322847913191,51.1149537152625
"455","QUA6",316574,135751,2,14,285,1025.852143,21.3276119402985,"1","Slightly Dry","Very Poor",1971,"1985",9.61918072427463,3.63110616038558,817.328158641145,594.062534106758,-3.19322847913191,51.1149537152625
"456","QUA6",316574,135751,2,14,285,1025.852143,21.3276119402985,"1","Slightly Dry","Very Poor",1971,"1986",10.7265957797866,3.68565455893412,997.030769933863,653.410158262723,-3.19322847913191,51.1149537152625
"457","QUA6",316574,135751,2,14,285,1025.852143,21.3276119402985,"1","Slightly Dry","Very Poor",1971,"1987",11.8312407443845,3.82906259926805,1200.14543629213,737.309205085952,-3.19322847913191,51.1149537152625
"458","QUA6",316574,135751,2,14,285,1025.852143,21.3276119402985,"1","Slightly Dry","Very Poor",1971,"1988",12.8615067402224,3.91606964220631,1404.58256759743,808.594030849345,-3.19322847913191,51.1149537152625
"459","QUA6",316574,135751,2,14,285,1025.852143,21.3276119402985,"1","Slightly Dry","Very Poor",1971,"1989",13.765925764051,3.94900441927647,1595.5050987609,866.671056506407,-3.19322847913191,51.1149537152625
"460","QUA6",316574,135751,2,14,285,1025.852143,21.3276119402985,"1","Slightly Dry","Very Poor",1971,"1990",14.4817137175477,3.96993922840107,1755.44655688531,915.035426166499,-3.19322847913191,51.1149537152625
"461","QUA6",316574,135751,2,14,285,1025.852143,21.3276119402985,"1","Slightly Dry","Very Poor",1971,"1991",15.2234122031939,3.94768655779899,1927.2766121413,954.48440176418,-3.19322847913191,51.1149537152625
"462","QUA6",316574,135751,2,14,285,1025.852143,21.3276119402985,"1","Slightly Dry","Very Poor",1971,"1992",16.0451729612354,3.95982005825106,2129.74635848571,1004.42831390057,-3.19322847913191,51.1149537152625
"463","QUA6",316574,135751,2,14,285,1025.852143,21.3276119402985,"1","Slightly Dry","Very Poor",1971,"1993",16.749421416163,4.01524727972384,2314.17609806622,1058.38182145597,-3.19322847913191,51.1149537152625
"464","QUA6",316574,135751,2,14,285,1025.852143,21.3276119402985,"1","Slightly Dry","Very Poor",1971,"1994",17.2688760070196,4.06887539500351,2455.94286201986,1102.17301614178,-3.19322847913191,51.1149537152625
"465","QUA6",316574,135751,2,14,285,1025.852143,21.3276119402985,"1","Slightly Dry","Very Poor",1971,"1995",17.7305615594761,4.0655704650076,2582.66851575028,1128.44332395159,-3.19322847913191,51.1149537152625
"466","QUA6",316574,135751,2,14,285,1025.852143,21.3276119402985,"1","Slightly Dry","Very Poor",1971,"1996",18.030323306161,4.02079011348482,2664.37269343425,1130.76706513448,-3.19322847913191,51.1149537152625
"467","QUA6",316574,135751,2,14,285,1025.852143,21.3276119402985,"1","Slightly Dry","Very Poor",1971,"1997",18.4920630782083,4.02057336309776,2796.80899213313,1153.14831636753,-3.19322847913191,51.1149537152625
"468","QUA6",316574,135751,2,14,285,1025.852143,21.3276119402985,"1","Slightly Dry","Very Poor",1971,"1998",19.2063238815487,4.09247553562193,3012.29796181975,1213.70665239679,-3.19322847913191,51.1149537152625
"469","QUA6",316574,135751,2,14,285,1025.852143,21.3276119402985,"1","Slightly Dry","Very Poor",1971,"1999",20.1387904412738,4.15363057892071,3303.91047222711,1289.47439286659,-3.19322847913191,51.1149537152625
"470","QUA6",316574,135751,2,14,285,1025.852143,21.3276119402985,"1","Slightly Dry","Very Poor",1971,"2000",20.8721421841135,4.17308267864957,3541.23552697323,1340.31851677137,-3.19322847913191,51.1149537152625
"471","QUA6",316574,135751,2,14,285,1025.852143,21.3276119402985,"1","Slightly Dry","Very Poor",1971,"2001",21.5142216039348,4.17941414338203,3755.34830000771,1381.87712225196,-3.19322847913191,51.1149537152625
"472","QUA6",316574,135751,2,14,285,1025.852143,21.3276119402985,"1","Slightly Dry","Very Poor",1971,"2002",22.1709079561454,4.22696897577081,3983.40610829229,1438.42356619249,-3.19322847913191,51.1149537152625
"473","QUA6",316574,135751,2,14,285,1025.852143,21.3276119402985,"1","Slightly Dry","Very Poor",1971,"2003",22.6479383178245,4.23212489688406,4151.62357494878,1469.28614096157,-3.19322847913191,51.1149537152625
"474","QUA6",316574,135751,2,14,285,1025.852143,21.3276119402985,"1","Slightly Dry","Very Poor",1971,"2004",23.1964031634445,4.23619594758334,4349.34108513946,1503.74634586014,-3.19322847913191,51.1149537152625
"475","QUA6",316574,135751,2,14,285,1025.852143,21.3276119402985,"1","Slightly Dry","Very Poor",1971,"2005",23.8791908340311,4.30543625690899,4605.85316411982,1573.30510322357,-3.19322847913191,51.1149537152625
"476","QUA6",316574,135751,2,14,285,1025.852143,21.3276119402985,"1","Slightly Dry","Very Poor",1971,"2006",24.4192515703116,4.3373462536791,4812.61244788299,1621.61100992105,-3.19322847913191,51.1149537152625
"477","QUA6",316574,135751,2,14,285,1025.852143,21.3276119402985,"1","Slightly Dry","Very Poor",1971,"2007",25.0465025426742,4.36330603257882,5057.85362130215,1670.54078657911,-3.19322847913191,51.1149537152625
"478","QUA6",316574,135751,2,14,285,1025.852143,21.3276119402985,"1","Slightly Dry","Very Poor",1971,"2008",25.6784172167689,4.46099398105927,5315.52780027652,1751.23820632606,-3.19322847913191,51.1149537152625
"479","QUA6",316574,135751,2,14,285,1025.852143,21.3276119402985,"1","Slightly Dry","Very Poor",1971,"2009",26.2065236669103,4.60317867072913,5539.58980272924,1847.38668374704,-3.19322847913191,51.1149537152625
"480","QUA6",316574,135751,2,14,285,1025.852143,21.3276119402985,"1","Slightly Dry","Very Poor",1971,"2010",26.577609992581,4.69451770553255,5699.26562794035,1911.12241932224,-3.19322847913191,51.1149537152625
"481","QUA6",316574,135751,2,14,285,1025.852143,21.3276119402985,"1","Slightly Dry","Very Poor",1971,"2011",27.0654874712868,4.76687329515251,5909.51884156585,1970.903951742,-3.19322847913191,51.1149537152625
