SiteIdentification,Easting,Northing,Spacing,YieldClass,elevation,StemsPerHa,Height,Thinning,SoilMoistureRegime,SoilNutrientRegime,Year,meanRW_mm,RWsd_mm,mean_dbh_cm,dbhSD_cm,lon,lat,plantingYear
2013,320670,524315,1.7,22,320,1598.745274,23.47697842,1,Fresh,Poor,1979,4.355,2.340523446,0.871,0.468104689,-3.229698529,54.60774386,1973
2013,320670,524315,1.7,22,320,1598.745274,23.47697842,1,Fresh,Poor,1980,4.22,1.48492424,1.715,0.765089537,-3.229698529,54.60774386,1973
2013,320670,524315,1.7,22,320,1598.745274,23.47697842,1,Fresh,Poor,1981,3.893333333,2.455205355,2.493666667,1.256130608,-3.229698529,54.60774386,1973
2013,320670,524315,1.7,22,320,1598.745274,23.47697842,1,Fresh,Poor,1982,4.663333333,1.572270121,3.426333333,1.570584632,-3.229698529,54.60774386,1973
2013,320670,524315,1.7,22,320,1598.745274,23.47697842,1,Fresh,Poor,1983,3.948,3.157969284,4.215933333,2.202178489,-3.229698529,54.60774386,1973
2013,320670,524315,1.7,22,320,1598.745274,23.47697842,1,Fresh,Poor,1984,4.56,2.600480725,5.127933333,2.722274634,-3.229698529,54.60774386,1973
2013,320670,524315,1.7,22,320,1598.745274,23.47697842,1,Fresh,Poor,1985,5.981428571,1.49199451,6.324219048,3.020673536,-3.229698529,54.60774386,1973
2013,320670,524315,1.7,22,320,1598.745274,23.47697842,1,Fresh,Poor,1986,6.115555556,2.452407547,7.547330159,3.511155046,-3.229698529,54.60774386,1973
2013,320670,524315,1.7,22,320,1598.745274,23.47697842,1,Fresh,Poor,1987,6.272222222,1.909016617,8.801774603,3.892958369,-3.229698529,54.60774386,1973
2013,320670,524315,1.7,22,320,1598.745274,23.47697842,1,Fresh,Poor,1988,5.923333333,1.701139324,9.98644127,4.233186234,-3.229698529,54.60774386,1973
2013,320670,524315,1.7,22,320,1598.745274,23.47697842,1,Fresh,Poor,1989,4.421,1.07880026,10.87064127,4.448946286,-3.229698529,54.60774386,1973
2013,320670,524315,1.7,22,320,1598.745274,23.47697842,1,Fresh,Poor,1990,6.56,1.759191734,12.18264127,4.800784633,-3.229698529,54.60774386,1973
2013,320670,524315,1.7,22,320,1598.745274,23.47697842,1,Fresh,Poor,1991,6.795,1.409414772,13.54164127,5.082667587,-3.229698529,54.60774386,1973
2013,320670,524315,1.7,22,320,1598.745274,23.47697842,1,Fresh,Poor,1992,6.615,1.501978325,14.86464127,5.383063252,-3.229698529,54.60774386,1973
2013,320670,524315,1.7,22,320,1598.745274,23.47697842,1,Fresh,Poor,1993,6.011,1.306764027,16.06684127,5.644416057,-3.229698529,54.60774386,1973
2013,320670,524315,1.7,22,320,1598.745274,23.47697842,1,Fresh,Poor,1994,4.938,1.335355134,17.05444127,5.911487084,-3.229698529,54.60774386,1973
2013,320670,524315,1.7,22,320,1598.745274,23.47697842,1,Fresh,Poor,1995,4.281,1.333437079,17.91064127,6.1781745,-3.229698529,54.60774386,1973
2013,320670,524315,1.7,22,320,1598.745274,23.47697842,1,Fresh,Poor,1996,5.101,1.479199859,18.93084127,6.474014472,-3.229698529,54.60774386,1973
2013,320670,524315,1.7,22,320,1598.745274,23.47697842,1,Fresh,Poor,1997,6.005,1.495781104,20.13184127,6.773170693,-3.229698529,54.60774386,1973
2013,320670,524315,1.7,22,320,1598.745274,23.47697842,1,Fresh,Poor,1998,4.6,1.990879203,21.05184127,7.171346533,-3.229698529,54.60774386,1973
2013,320670,524315,1.7,22,320,1598.745274,23.47697842,1,Fresh,Poor,1999,4.713,2.038485549,21.99444127,7.579043643,-3.229698529,54.60774386,1973
2013,320670,524315,1.7,22,320,1598.745274,23.47697842,1,Fresh,Poor,2000,4.474,2.056670448,22.88924127,7.990377733,-3.229698529,54.60774386,1973
2013,320670,524315,1.7,22,320,1598.745274,23.47697842,1,Fresh,Poor,2001,4.347,1.967175358,23.75864127,8.383812804,-3.229698529,54.60774386,1973
2013,320670,524315,1.7,22,320,1598.745274,23.47697842,1,Fresh,Poor,2002,3.536,1.510939369,24.46584127,8.686000678,-3.229698529,54.60774386,1973
2013,320670,524315,1.7,22,320,1598.745274,23.47697842,1,Fresh,Poor,2003,3.218,1.650655089,25.10944127,9.016131696,-3.229698529,54.60774386,1973
2013,320670,524315,1.7,22,320,1598.745274,23.47697842,1,Fresh,Poor,2004,3.66,1.470615895,25.84144127,9.310254875,-3.229698529,54.60774386,1973
2013,320670,524315,1.7,22,320,1598.745274,23.47697842,1,Fresh,Poor,2005,2.89,1.480435371,26.41944127,9.606341949,-3.229698529,54.60774386,1973
2013,320670,524315,1.7,22,320,1598.745274,23.47697842,1,Fresh,Poor,2006,2.76,1.718778636,26.97144127,9.950097676,-3.229698529,54.60774386,1973
2013,320670,524315,1.7,22,320,1598.745274,23.47697842,1,Fresh,Poor,2007,3.073,1.310784752,27.58604127,10.21225463,-3.229698529,54.60774386,1973
2013,320670,524315,1.7,22,320,1598.745274,23.47697842,1,Fresh,Poor,2008,2.509,0.830668406,28.08784127,10.37838831,-3.229698529,54.60774386,1973
2013,320670,524315,1.7,22,320,1598.745274,23.47697842,1,Fresh,Poor,2009,3.378,2.677576848,28.76344127,10.91390368,-3.229698529,54.60774386,1973
2013,320670,524315,1.7,22,320,1598.745274,23.47697842,1,Fresh,Poor,2010,3.397,3.905415186,29.44284127,11.69498671,-3.229698529,54.60774386,1973
2013,320670,524315,1.7,22,320,1598.745274,23.47697842,1,Fresh,Poor,2011,3.402,3.552976217,30.12324127,12.40558196,-3.229698529,54.60774386,1973
2042,318585,524934,2,12,280,1121.122401,21.41637168,1,Fresh,Poor,1971,1.23,0,0.246,0,-3.262141921,54.61297313,1964
2042,318585,524934,2,12,280,1121.122401,21.41637168,1,Fresh,Poor,1972,2.223333333,1.594061898,0.690666667,0.31881238,-3.262141921,54.61297313,1964
2042,318585,524934,2,12,280,1121.122401,21.41637168,1,Fresh,Poor,1973,2.298,1.459390284,1.150266667,0.610690436,-3.262141921,54.61297313,1964
2042,318585,524934,2,12,280,1121.122401,21.41637168,1,Fresh,Poor,1974,3.986666667,1.579375404,1.9476,0.926565517,-3.262141921,54.61297313,1964
2042,318585,524934,2,12,280,1121.122401,21.41637168,1,Fresh,Poor,1975,5.615,0.940420119,3.0706,1.114649541,-3.262141921,54.61297313,1964
2042,318585,524934,2,12,280,1121.122401,21.41637168,1,Fresh,Poor,1976,5.54,1.562900234,4.1786,1.427229588,-3.262141921,54.61297313,1964
2042,318585,524934,2,12,280,1121.122401,21.41637168,1,Fresh,Poor,1977,7.02875,1.617550507,5.58435,1.750739689,-3.262141921,54.61297313,1964
2042,318585,524934,2,12,280,1121.122401,21.41637168,1,Fresh,Poor,1978,7.472222222,2.502547591,7.078794444,2.251249207,-3.262141921,54.61297313,1964
2042,318585,524934,2,12,280,1121.122401,21.41637168,1,Fresh,Poor,1979,7.913333333,3.03408141,8.661461111,2.858065489,-3.262141921,54.61297313,1964
2042,318585,524934,2,12,280,1121.122401,21.41637168,1,Fresh,Poor,1980,5.945555556,2.457158476,9.850572222,3.349497184,-3.262141921,54.61297313,1964
2042,318585,524934,2,12,280,1121.122401,21.41637168,1,Fresh,Poor,1981,4.895555556,1.896616139,10.82968333,3.728820412,-3.262141921,54.61297313,1964
2042,318585,524934,2,12,280,1121.122401,21.41637168,1,Fresh,Poor,1982,4.221,2.228255172,11.67388333,4.174471447,-3.262141921,54.61297313,1964
2042,318585,524934,2,12,280,1121.122401,21.41637168,1,Fresh,Poor,1983,3.8,1.349419628,12.43388333,4.444355372,-3.262141921,54.61297313,1964
2042,318585,524934,2,12,280,1121.122401,21.41637168,1,Fresh,Poor,1984,3.236,1.011184124,13.08108333,4.646592197,-3.262141921,54.61297313,1964
2042,318585,524934,2,12,280,1121.122401,21.41637168,1,Fresh,Poor,1985,2.608181818,1.044364095,13.6027197,4.855465016,-3.262141921,54.61297313,1964
2042,318585,524934,2,12,280,1121.122401,21.41637168,1,Fresh,Poor,1986,2.766363636,1.240905095,14.15599242,5.103646035,-3.262141921,54.61297313,1964
2042,318585,524934,2,12,280,1121.122401,21.41637168,1,Fresh,Poor,1987,3.21,1.314830788,14.79799242,5.366612193,-3.262141921,54.61297313,1964
2042,318585,524934,2,12,280,1121.122401,21.41637168,1,Fresh,Poor,1988,3.016363636,0.972206488,15.40126515,5.56105349,-3.262141921,54.61297313,1964
2042,318585,524934,2,12,280,1121.122401,21.41637168,1,Fresh,Poor,1989,2.326363636,0.87901391,15.86653788,5.736856272,-3.262141921,54.61297313,1964
2042,318585,524934,2,12,280,1121.122401,21.41637168,1,Fresh,Poor,1990,2.210909091,1.153936346,16.3087197,5.967643542,-3.262141921,54.61297313,1964
2042,318585,524934,2,12,280,1121.122401,21.41637168,1,Fresh,Poor,1991,3.033636364,1.164382005,16.91544697,6.200519943,-3.262141921,54.61297313,1964
2042,318585,524934,2,12,280,1121.122401,21.41637168,1,Fresh,Poor,1992,3.207272727,1.071579124,17.55690152,6.414835767,-3.262141921,54.61297313,1964
2042,318585,524934,2,12,280,1121.122401,21.41637168,1,Fresh,Poor,1993,2.95,0.846935653,18.14690152,6.584222898,-3.262141921,54.61297313,1964
2042,318585,524934,2,12,280,1121.122401,21.41637168,1,Fresh,Poor,1994,2.586363636,1.022695191,18.66417424,6.788761936,-3.262141921,54.61297313,1964
2042,318585,524934,2,12,280,1121.122401,21.41637168,1,Fresh,Poor,1995,2.884545455,1.421086652,19.24108333,7.072979267,-3.262141921,54.61297313,1964
2042,318585,524934,2,12,280,1121.122401,21.41637168,1,Fresh,Poor,1996,3.677272727,1.623194942,19.97653788,7.397618255,-3.262141921,54.61297313,1964
2042,318585,524934,2,12,280,1121.122401,21.41637168,1,Fresh,Poor,1997,4.017272727,1.92867359,20.77999242,7.783352973,-3.262141921,54.61297313,1964
2042,318585,524934,2,12,280,1121.122401,21.41637168,1,Fresh,Poor,1998,3.789090909,1.668469086,21.53781061,8.11704679,-3.262141921,54.61297313,1964
2042,318585,524934,2,12,280,1121.122401,21.41637168,1,Fresh,Poor,1999,3.303636364,1.95924104,22.19853788,8.508894998,-3.262141921,54.61297313,1964
2042,318585,524934,2,12,280,1121.122401,21.41637168,1,Fresh,Poor,2000,3.858181818,2.095064764,22.97017424,8.927907951,-3.262141921,54.61297313,1964
2042,318585,524934,2,12,280,1121.122401,21.41637168,1,Fresh,Poor,2001,4.412727273,2.393178184,23.8527197,9.406543588,-3.262141921,54.61297313,1964
2042,318585,524934,2,12,280,1121.122401,21.41637168,1,Fresh,Poor,2002,4.126363636,2.034110482,24.67799242,9.813365684,-3.262141921,54.61297313,1964
2042,318585,524934,2,12,280,1121.122401,21.41637168,1,Fresh,Poor,2003,3.608181818,1.763245974,25.39962879,10.16601488,-3.262141921,54.61297313,1964
2042,318585,524934,2,12,280,1121.122401,21.41637168,1,Fresh,Poor,2004,3.293636364,1.708041409,26.05835606,10.50762316,-3.262141921,54.61297313,1964
2042,318585,524934,2,12,280,1121.122401,21.41637168,1,Fresh,Poor,2005,4.041818182,2.009123282,26.8667197,10.90944782,-3.262141921,54.61297313,1964
2042,318585,524934,2,12,280,1121.122401,21.41637168,1,Fresh,Poor,2006,3.244545455,1.853841221,27.51562879,11.28021606,-3.262141921,54.61297313,1964
2042,318585,524934,2,12,280,1121.122401,21.41637168,1,Fresh,Poor,2007,2.914545455,1.96788904,28.09853788,11.67379387,-3.262141921,54.61297313,1964
2042,318585,524934,2,12,280,1121.122401,21.41637168,1,Fresh,Poor,2008,2.324545455,1.976716285,28.56344697,12.06913713,-3.262141921,54.61297313,1964
2042,318585,524934,2,12,280,1121.122401,21.41637168,1,Fresh,Poor,2009,2.88,2.461889518,29.13944697,12.56151503,-3.262141921,54.61297313,1964
2042,318585,524934,2,12,280,1121.122401,21.41637168,1,Fresh,Poor,2010,2.736363636,2.280974672,29.6867197,13.01770996,-3.262141921,54.61297313,1964
2042,318585,524934,2,12,280,1121.122401,21.41637168,1,Fresh,Poor,2011,2.751818182,2.008720081,30.23708333,13.41945398,-3.262141921,54.61297313,1964
2191,298434,191990,2,18,312.4,1428.750029,25.52878788,H,Moist,Very Poor,1976,2.0375,1.210161835,0.4075,0.242032367,-3.468385013,51.61754036,1971
2191,298434,191990,2,18,312.4,1428.750029,25.52878788,H,Moist,Very Poor,1977,3.5225,1.095547808,1.112,0.461141929,-3.468385013,51.61754036,1971
2191,298434,191990,2,18,312.4,1428.750029,25.52878788,H,Moist,Very Poor,1978,4.576,0.993544161,2.0272,0.659850761,-3.468385013,51.61754036,1971
2191,298434,191990,2,18,312.4,1428.750029,25.52878788,H,Moist,Very Poor,1979,4.33,0.642534046,2.8932,0.78835757,-3.468385013,51.61754036,1971
2191,298434,191990,2,18,312.4,1428.750029,25.52878788,H,Moist,Very Poor,1980,6.228333333,1.597841252,4.138866667,1.10792582,-3.468385013,51.61754036,1971
2191,298434,191990,2,18,312.4,1428.750029,25.52878788,H,Moist,Very Poor,1981,6.401666667,0.839080846,5.4192,1.27574199,-3.468385013,51.61754036,1971
2191,298434,191990,2,18,312.4,1428.750029,25.52878788,H,Moist,Very Poor,1982,6.308571429,1.234617735,6.680914286,1.522665537,-3.468385013,51.61754036,1971
2191,298434,191990,2,18,312.4,1428.750029,25.52878788,H,Moist,Very Poor,1983,4.90625,2.610648182,7.662164286,2.044795173,-3.468385013,51.61754036,1971
2191,298434,191990,2,18,312.4,1428.750029,25.52878788,H,Moist,Very Poor,1984,5.5375,2.342494092,8.769664286,2.513293991,-3.468385013,51.61754036,1971
2191,298434,191990,2,18,312.4,1428.750029,25.52878788,H,Moist,Very Poor,1985,7.095,1.636101638,10.18866429,2.840514319,-3.468385013,51.61754036,1971
2191,298434,191990,2,18,312.4,1428.750029,25.52878788,H,Moist,Very Poor,1986,7.305,1.04082385,11.64966429,3.048679089,-3.468385013,51.61754036,1971
2191,298434,191990,2,18,312.4,1428.750029,25.52878788,H,Moist,Very Poor,1987,7.46375,1.134635719,13.14241429,3.275606233,-3.468385013,51.61754036,1971
2191,298434,191990,2,18,312.4,1428.750029,25.52878788,H,Moist,Very Poor,1988,3.9,1.219262072,13.92241429,3.519458647,-3.468385013,51.61754036,1971
2191,298434,191990,2,18,312.4,1428.750029,25.52878788,H,Moist,Very Poor,1989,4.33375,1.799451801,14.78916429,3.879349007,-3.468385013,51.61754036,1971
2191,298434,191990,2,18,312.4,1428.750029,25.52878788,H,Moist,Very Poor,1990,5.34625,1.83045613,15.85841429,4.245440233,-3.468385013,51.61754036,1971
2191,298434,191990,2,18,312.4,1428.750029,25.52878788,H,Moist,Very Poor,1991,5.22375,1.836626858,16.90316429,4.612765605,-3.468385013,51.61754036,1971
2191,298434,191990,2,18,312.4,1428.750029,25.52878788,H,Moist,Very Poor,1992,4.52125,1.565561857,17.80741429,4.925877976,-3.468385013,51.61754036,1971
2191,298434,191990,2,18,312.4,1428.750029,25.52878788,H,Moist,Very Poor,1993,3.91125,1.470213177,18.58966429,5.219920612,-3.468385013,51.61754036,1971
2191,298434,191990,2,18,312.4,1428.750029,25.52878788,H,Moist,Very Poor,1994,3.105,1.22806468,19.21066429,5.465533548,-3.468385013,51.61754036,1971
2191,298434,191990,2,18,312.4,1428.750029,25.52878788,H,Moist,Very Poor,1995,2.88,1.474720312,19.78666429,5.76047761,-3.468385013,51.61754036,1971
2191,298434,191990,2,18,312.4,1428.750029,25.52878788,H,Moist,Very Poor,1996,3.23125,1.396367098,20.43291429,6.03975103,-3.468385013,51.61754036,1971
2191,298434,191990,2,18,312.4,1428.750029,25.52878788,H,Moist,Very Poor,1997,3.31375,1.538718739,21.09566429,6.347494777,-3.468385013,51.61754036,1971
2191,298434,191990,2,18,312.4,1428.750029,25.52878788,H,Moist,Very Poor,1998,3.29625,1.396464285,21.75491429,6.626787635,-3.468385013,51.61754036,1971
2191,298434,191990,2,18,312.4,1428.750029,25.52878788,H,Moist,Very Poor,1999,2.45875,0.877747727,22.24666429,6.80233718,-3.468385013,51.61754036,1971
2191,298434,191990,2,18,312.4,1428.750029,25.52878788,H,Moist,Very Poor,2000,2.525,1.09174827,22.75166429,7.020686834,-3.468385013,51.61754036,1971
2191,298434,191990,2,18,312.4,1428.750029,25.52878788,H,Moist,Very Poor,2001,2.69875,0.987629738,23.29141429,7.218212782,-3.468385013,51.61754036,1971
2191,298434,191990,2,18,312.4,1428.750029,25.52878788,H,Moist,Very Poor,2002,3.39375,1.725828476,23.97016429,7.563378477,-3.468385013,51.61754036,1971
2191,298434,191990,2,18,312.4,1428.750029,25.52878788,H,Moist,Very Poor,2003,2.99375,1.092283813,24.56891429,7.781835239,-3.468385013,51.61754036,1971
2191,298434,191990,2,18,312.4,1428.750029,25.52878788,H,Moist,Very Poor,2004,3.22,1.320627556,25.21291429,8.045960751,-3.468385013,51.61754036,1971
2191,298434,191990,2,18,312.4,1428.750029,25.52878788,H,Moist,Very Poor,2005,2.63375,1.101802906,25.73966429,8.266321332,-3.468385013,51.61754036,1971
2191,298434,191990,2,18,312.4,1428.750029,25.52878788,H,Moist,Very Poor,2006,2.26375,0.850040965,26.19241429,8.436329525,-3.468385013,51.61754036,1971
2191,298434,191990,2,18,312.4,1428.750029,25.52878788,H,Moist,Very Poor,2007,2.23,0.823390204,26.63841429,8.601007566,-3.468385013,51.61754036,1971
2191,298434,191990,2,18,312.4,1428.750029,25.52878788,H,Moist,Very Poor,2008,1.955,0.826299842,27.02941429,8.766267534,-3.468385013,51.61754036,1971
2191,298434,191990,2,18,312.4,1428.750029,25.52878788,H,Moist,Very Poor,2009,1.94375,0.987680363,27.41816429,8.963803607,-3.468385013,51.61754036,1971
2191,298434,191990,2,18,312.4,1428.750029,25.52878788,H,Moist,Very Poor,2010,1.885,1.122917119,27.79516429,9.188387031,-3.468385013,51.61754036,1971
2191,298434,191990,2,18,312.4,1428.750029,25.52878788,H,Moist,Very Poor,2011,1.90625,1.355980799,28.17641429,9.459583191,-3.468385013,51.61754036,1971
280,252241,923791,2.5,12,155,1393.312102,17.88594595,L,Wet,Very Poor,1983,1.326666667,1.56844934,0.265333333,0.313689868,-4.514225846,58.17815118,1974
280,252241,923791,2.5,12,155,1393.312102,17.88594595,L,Wet,Very Poor,1984,2.2875,1.531608631,0.722833333,0.620011594,-4.514225846,58.17815118,1974
280,252241,923791,2.5,12,155,1393.312102,17.88594595,L,Wet,Very Poor,1985,4.528,2.32117858,1.628433333,1.08424731,-4.514225846,58.17815118,1974
280,252241,923791,2.5,12,155,1393.312102,17.88594595,L,Wet,Very Poor,1986,7.187142857,4.014227673,3.065861905,1.887092845,-4.514225846,58.17815118,1974
280,252241,923791,2.5,12,155,1393.312102,17.88594595,L,Wet,Very Poor,1987,9.3275,4.038347434,4.931361905,2.694762332,-4.514225846,58.17815118,1974
280,252241,923791,2.5,12,155,1393.312102,17.88594595,L,Wet,Very Poor,1988,9.665555556,3.79119411,6.864473016,3.453001154,-4.514225846,58.17815118,1974
280,252241,923791,2.5,12,155,1393.312102,17.88594595,L,Wet,Very Poor,1989,9.504444444,2.207940846,8.765361905,3.894589323,-4.514225846,58.17815118,1974
280,252241,923791,2.5,12,155,1393.312102,17.88594595,L,Wet,Very Poor,1990,8.437777778,1.633223636,10.45291746,4.22123405,-4.514225846,58.17815118,1974
280,252241,923791,2.5,12,155,1393.312102,17.88594595,L,Wet,Very Poor,1991,8.456666667,2.029488852,12.14425079,4.62713182,-4.514225846,58.17815118,1974
280,252241,923791,2.5,12,155,1393.312102,17.88594595,L,Wet,Very Poor,1992,6.763333333,1.607381411,13.49691746,4.948608103,-4.514225846,58.17815118,1974
280,252241,923791,2.5,12,155,1393.312102,17.88594595,L,Wet,Very Poor,1993,5.278888889,1.427151397,14.55269524,5.234038382,-4.514225846,58.17815118,1974
280,252241,923791,2.5,12,155,1393.312102,17.88594595,L,Wet,Very Poor,1994,5.382222222,1.300843743,15.62913968,5.494207131,-4.514225846,58.17815118,1974
280,252241,923791,2.5,12,155,1393.312102,17.88594595,L,Wet,Very Poor,1995,4.77,1.225040816,16.58313968,5.739215294,-4.514225846,58.17815118,1974
280,252241,923791,2.5,12,155,1393.312102,17.88594595,L,Wet,Very Poor,1996,4.971111111,1.379043549,17.5773619,6.015024004,-4.514225846,58.17815118,1974
280,252241,923791,2.5,12,155,1393.312102,17.88594595,L,Wet,Very Poor,1997,5.221111111,1.463663592,18.62158413,6.307756722,-4.514225846,58.17815118,1974
280,252241,923791,2.5,12,155,1393.312102,17.88594595,L,Wet,Very Poor,1998,5.61,1.768480987,19.74358413,6.661452919,-4.514225846,58.17815118,1974
280,252241,923791,2.5,12,155,1393.312102,17.88594595,L,Wet,Very Poor,1999,4.666666667,1.496980294,20.67691746,6.960848978,-4.514225846,58.17815118,1974
280,252241,923791,2.5,12,155,1393.312102,17.88594595,L,Wet,Very Poor,2000,4.527777778,2.084584957,21.58247302,7.37776597,-4.514225846,58.17815118,1974
280,252241,923791,2.5,12,155,1393.312102,17.88594595,L,Wet,Very Poor,2001,4.612222222,2.204102866,22.50491746,7.818586543,-4.514225846,58.17815118,1974
280,252241,923791,2.5,12,155,1393.312102,17.88594595,L,Wet,Very Poor,2002,4.526666667,2.548788928,23.41025079,8.328344329,-4.514225846,58.17815118,1974
280,252241,923791,2.5,12,155,1393.312102,17.88594595,L,Wet,Very Poor,2003,4.292222222,2.360041195,24.26869524,8.800352568,-4.514225846,58.17815118,1974
280,252241,923791,2.5,12,155,1393.312102,17.88594595,L,Wet,Very Poor,2004,3.673333333,2.165173203,25.0033619,9.233387208,-4.514225846,58.17815118,1974
280,252241,923791,2.5,12,155,1393.312102,17.88594595,L,Wet,Very Poor,2005,3.323333333,2.128344427,25.66802857,9.659056094,-4.514225846,58.17815118,1974
280,252241,923791,2.5,12,155,1393.312102,17.88594595,L,Wet,Very Poor,2006,2.345555556,1.394006018,26.13713968,9.937857297,-4.514225846,58.17815118,1974
280,252241,923791,2.5,12,155,1393.312102,17.88594595,L,Wet,Very Poor,2007,2.427777778,1.412973618,26.62269524,10.22045202,-4.514225846,58.17815118,1974
280,252241,923791,2.5,12,155,1393.312102,17.88594595,L,Wet,Very Poor,2008,2.063333333,1.178346299,27.0353619,10.45612128,-4.514225846,58.17815118,1974
280,252241,923791,2.5,12,155,1393.312102,17.88594595,L,Wet,Very Poor,2009,1.971111111,1.072793601,27.42958413,10.67068,-4.514225846,58.17815118,1974
280,252241,923791,2.5,12,155,1393.312102,17.88594595,L,Wet,Very Poor,2010,2.213333333,1.292139698,27.87225079,10.92910794,-4.514225846,58.17815118,1974
4301,488364,485280,2,14,196,1044.984076,21.30138889,1,Moist,Very Poor,1979,2.565,0.021213203,0.513,0.004242641,-0.645129945,54.25557394,1976
4301,488364,485280,2,14,196,1044.984076,21.30138889,1,Moist,Very Poor,1980,2.69,1.482565344,1.051,0.30075571,-0.645129945,54.25557394,1976
4301,488364,485280,2,14,196,1044.984076,21.30138889,1,Moist,Very Poor,1981,5.781666667,1.654973313,2.207333333,0.631750372,-0.645129945,54.25557394,1976
4301,488364,485280,2,14,196,1044.984076,21.30138889,1,Moist,Very Poor,1982,6.065,1.543745445,3.420333333,0.940499461,-0.645129945,54.25557394,1976
4301,488364,485280,2,14,196,1044.984076,21.30138889,1,Moist,Very Poor,1983,3.961666667,1.335206601,4.212666667,1.207540781,-0.645129945,54.25557394,1976
4301,488364,485280,2,14,196,1044.984076,21.30138889,1,Moist,Very Poor,1984,4.925,1.864368526,5.197666667,1.580414487,-0.645129945,54.25557394,1976
4301,488364,485280,2,14,196,1044.984076,21.30138889,1,Moist,Very Poor,1985,5.672857143,2.25085698,6.332238095,2.030585882,-0.645129945,54.25557394,1976
4301,488364,485280,2,14,196,1044.984076,21.30138889,1,Moist,Very Poor,1986,4.62125,2.079748869,7.256488095,2.446535656,-0.645129945,54.25557394,1976
4301,488364,485280,2,14,196,1044.984076,21.30138889,1,Moist,Very Poor,1987,4.83375,1.630301791,8.223238095,2.772596014,-0.645129945,54.25557394,1976
4301,488364,485280,2,14,196,1044.984076,21.30138889,1,Moist,Very Poor,1988,5.02125,1.554554943,9.227488095,3.083507003,-0.645129945,54.25557394,1976
4301,488364,485280,2,14,196,1044.984076,21.30138889,1,Moist,Very Poor,1989,2.888888889,1.050540866,9.805265873,3.293615176,-0.645129945,54.25557394,1976
4301,488364,485280,2,14,196,1044.984076,21.30138889,1,Moist,Very Poor,1990,3.815555556,0.994812936,10.56837698,3.492577763,-0.645129945,54.25557394,1976
4301,488364,485280,2,14,196,1044.984076,21.30138889,1,Moist,Very Poor,1991,4.202222222,1.115244119,11.40882143,3.715626587,-0.645129945,54.25557394,1976
4301,488364,485280,2,14,196,1044.984076,21.30138889,1,Moist,Very Poor,1992,4.227777778,1.181088246,12.25437698,3.951844236,-0.645129945,54.25557394,1976
4301,488364,485280,2,14,196,1044.984076,21.30138889,1,Moist,Very Poor,1993,4.984444444,1.740036717,13.25126587,4.29985158,-0.645129945,54.25557394,1976
4301,488364,485280,2,14,196,1044.984076,21.30138889,1,Moist,Very Poor,1994,4.533333333,1.662107096,14.15793254,4.632272999,-0.645129945,54.25557394,1976
4301,488364,485280,2,14,196,1044.984076,21.30138889,1,Moist,Very Poor,1995,3.283333333,1.417321417,14.81459921,4.915737283,-0.645129945,54.25557394,1976
4301,488364,485280,2,14,196,1044.984076,21.30138889,1,Moist,Very Poor,1996,2.944444444,1.177625907,15.4034881,5.151262464,-0.645129945,54.25557394,1976
4301,488364,485280,2,14,196,1044.984076,21.30138889,1,Moist,Very Poor,1997,4.362222222,1.58697651,16.27593254,5.468657766,-0.645129945,54.25557394,1976
4301,488364,485280,2,14,196,1044.984076,21.30138889,1,Moist,Very Poor,1998,3.78,1.584234831,17.03193254,5.785504732,-0.645129945,54.25557394,1976
4301,488364,485280,2,14,196,1044.984076,21.30138889,1,Moist,Very Poor,1999,3.992222222,1.442426582,17.83037698,6.073990049,-0.645129945,54.25557394,1976
4301,488364,485280,2,14,196,1044.984076,21.30138889,1,Moist,Very Poor,2000,3.998888889,1.292453524,18.63015476,6.332480753,-0.645129945,54.25557394,1976
4301,488364,485280,2,14,196,1044.984076,21.30138889,1,Moist,Very Poor,2001,3.982222222,1.485763926,19.42659921,6.629633539,-0.645129945,54.25557394,1976
4301,488364,485280,2,14,196,1044.984076,21.30138889,1,Moist,Very Poor,2002,3.911111111,1.778253669,20.20882143,6.985284272,-0.645129945,54.25557394,1976
4301,488364,485280,2,14,196,1044.984076,21.30138889,1,Moist,Very Poor,2003,3.231111111,1.240064962,20.85504365,7.233297265,-0.645129945,54.25557394,1976
4301,488364,485280,2,14,196,1044.984076,21.30138889,1,Moist,Very Poor,2004,3.796666667,1.571456331,21.61437698,7.547588531,-0.645129945,54.25557394,1976
4301,488364,485280,2,14,196,1044.984076,21.30138889,1,Moist,Very Poor,2005,3.565555556,1.655959775,22.3274881,7.878780486,-0.645129945,54.25557394,1976
4301,488364,485280,2,14,196,1044.984076,21.30138889,1,Moist,Very Poor,2006,2.966666667,1.361800279,22.92082143,8.151140542,-0.645129945,54.25557394,1976
4301,488364,485280,2,14,196,1044.984076,21.30138889,1,Moist,Very Poor,2007,3.911111111,2.000002778,23.70304365,8.551141098,-0.645129945,54.25557394,1976
4301,488364,485280,2,14,196,1044.984076,21.30138889,1,Moist,Very Poor,2008,3.25,1.544198821,24.35304365,8.859980862,-0.645129945,54.25557394,1976
4301,488364,485280,2,14,196,1044.984076,21.30138889,1,Moist,Very Poor,2009,2.908888889,1.440897675,24.93482143,9.148160397,-0.645129945,54.25557394,1976
4301,488364,485280,2,14,196,1044.984076,21.30138889,1,Moist,Very Poor,2010,2.985555556,1.499017271,25.53193254,9.447963851,-0.645129945,54.25557394,1976
4301,488364,485280,2,14,196,1044.984076,21.30138889,1,Moist,Very Poor,2011,3.118888889,1.601416907,26.15571032,9.768247233,-0.645129945,54.25557394,1976
461,172576,651283,2,14,78,1542.595541,25.27365439,H,Very Moist,Very Poor,1972,0.165,0.091923882,0.033,0.018384776,-5.620992436,55.70150839,1963
461,172576,651283,2,14,78,1542.595541,25.27365439,H,Very Moist,Very Poor,1973,0.3,0.181934054,0.093,0.054771587,-5.620992436,55.70150839,1963
461,172576,651283,2,14,78,1542.595541,25.27365439,H,Very Moist,Very Poor,1974,0.3,0.192006944,0.153,0.093172976,-5.620992436,55.70150839,1963
461,172576,651283,2,14,78,1542.595541,25.27365439,H,Very Moist,Very Poor,1975,0.585,0.185626353,0.27,0.130298247,-5.620992436,55.70150839,1963
461,172576,651283,2,14,78,1542.595541,25.27365439,H,Very Moist,Very Poor,1976,0.61125,0.13850606,0.39225,0.157999458,-5.620992436,55.70150839,1963
461,172576,651283,2,14,78,1542.595541,25.27365439,H,Very Moist,Very Poor,1977,0.63,0.189887185,0.51825,0.195976895,-5.620992436,55.70150839,1963
461,172576,651283,2,14,78,1542.595541,25.27365439,H,Very Moist,Very Poor,1978,0.7,0.108759236,0.65825,0.217728743,-5.620992436,55.70150839,1963
461,172576,651283,2,14,78,1542.595541,25.27365439,H,Very Moist,Very Poor,1979,0.80125,0.099633256,0.8185,0.237655394,-5.620992436,55.70150839,1963
461,172576,651283,2,14,78,1542.595541,25.27365439,H,Very Moist,Very Poor,1980,0.8375,0.182658933,0.986,0.27418718,-5.620992436,55.70150839,1963
461,172576,651283,2,14,78,1542.595541,25.27365439,H,Very Moist,Very Poor,1981,0.853333333,0.157321327,1.156666667,0.305651446,-5.620992436,55.70150839,1963
461,172576,651283,2,14,78,1542.595541,25.27365439,H,Very Moist,Very Poor,1982,0.802222222,0.141224801,1.317111111,0.333896406,-5.620992436,55.70150839,1963
461,172576,651283,2,14,78,1542.595541,25.27365439,H,Very Moist,Very Poor,1983,0.546666667,0.174857085,1.426444444,0.368867823,-5.620992436,55.70150839,1963
461,172576,651283,2,14,78,1542.595541,25.27365439,H,Very Moist,Very Poor,1984,0.496666667,0.196659604,1.525777778,0.408199744,-5.620992436,55.70150839,1963
461,172576,651283,2,14,78,1542.595541,25.27365439,H,Very Moist,Very Poor,1985,0.508888889,0.164350574,1.627555556,0.441069859,-5.620992436,55.70150839,1963
461,172576,651283,2,14,78,1542.595541,25.27365439,H,Very Moist,Very Poor,1986,0.434444444,0.200880008,1.714444444,0.48124586,-5.620992436,55.70150839,1963
461,172576,651283,2,14,78,1542.595541,25.27365439,H,Very Moist,Very Poor,1987,0.452222222,0.173981161,1.804888889,0.516042092,-5.620992436,55.70150839,1963
461,172576,651283,2,14,78,1542.595541,25.27365439,H,Very Moist,Very Poor,1988,0.408888889,0.159643701,1.886666667,0.547970833,-5.620992436,55.70150839,1963
461,172576,651283,2,14,78,1542.595541,25.27365439,H,Very Moist,Very Poor,1989,0.275555556,0.186152566,1.941777778,0.585201346,-5.620992436,55.70150839,1963
461,172576,651283,2,14,78,1542.595541,25.27365439,H,Very Moist,Very Poor,1990,0.228888889,0.103856204,1.987555556,0.605972587,-5.620992436,55.70150839,1963
461,172576,651283,2,14,78,1542.595541,25.27365439,H,Very Moist,Very Poor,1991,0.232222222,0.134329611,2.034,0.632838509,-5.620992436,55.70150839,1963
461,172576,651283,2,14,78,1542.595541,25.27365439,H,Very Moist,Very Poor,1992,0.321111111,0.139413454,2.098222222,0.6607212,-5.620992436,55.70150839,1963
461,172576,651283,2,14,78,1542.595541,25.27365439,H,Very Moist,Very Poor,1993,0.422222222,0.126469144,2.182666667,0.686015028,-5.620992436,55.70150839,1963
461,172576,651283,2,14,78,1542.595541,25.27365439,H,Very Moist,Very Poor,1994,0.408888889,0.122417773,2.264444444,0.710498583,-5.620992436,55.70150839,1963
461,172576,651283,2,14,78,1542.595541,25.27365439,H,Very Moist,Very Poor,1995,0.342222222,0.090246576,2.332888889,0.728547898,-5.620992436,55.70150839,1963
461,172576,651283,2,14,78,1542.595541,25.27365439,H,Very Moist,Very Poor,1996,0.288888889,0.127027993,2.390666667,0.753953497,-5.620992436,55.70150839,1963
461,172576,651283,2,14,78,1542.595541,25.27365439,H,Very Moist,Very Poor,1997,0.318888889,0.123434643,2.454444444,0.778640425,-5.620992436,55.70150839,1963
461,172576,651283,2,14,78,1542.595541,25.27365439,H,Very Moist,Very Poor,1998,0.323333333,0.127279221,2.519111111,0.80409627,-5.620992436,55.70150839,1963
461,172576,651283,2,14,78,1542.595541,25.27365439,H,Very Moist,Very Poor,1999,0.332222222,0.129303691,2.585555556,0.829957008,-5.620992436,55.70150839,1963
461,172576,651283,2,14,78,1542.595541,25.27365439,H,Very Moist,Very Poor,2000,0.305555556,0.11468556,2.646666667,0.85289412,-5.620992436,55.70150839,1963
461,172576,651283,2,14,78,1542.595541,25.27365439,H,Very Moist,Very Poor,2001,0.237777778,0.127551732,2.694222222,0.878404466,-5.620992436,55.70150839,1963
461,172576,651283,2,14,78,1542.595541,25.27365439,H,Very Moist,Very Poor,2002,0.304444444,0.177137737,2.755111111,0.913832014,-5.620992436,55.70150839,1963
461,172576,651283,2,14,78,1542.595541,25.27365439,H,Very Moist,Very Poor,2003,0.227777778,0.159826295,2.800666667,0.945797273,-5.620992436,55.70150839,1963
461,172576,651283,2,14,78,1542.595541,25.27365439,H,Very Moist,Very Poor,2004,0.257777778,0.188731143,2.852222222,0.983543501,-5.620992436,55.70150839,1963
461,172576,651283,2,14,78,1542.595541,25.27365439,H,Very Moist,Very Poor,2005,0.291111111,0.211568219,2.910444444,1.025857145,-5.620992436,55.70150839,1963
461,172576,651283,2,14,78,1542.595541,25.27365439,H,Very Moist,Very Poor,2006,0.211111111,0.133083099,2.952666667,1.052473765,-5.620992436,55.70150839,1963
461,172576,651283,2,14,78,1542.595541,25.27365439,H,Very Moist,Very Poor,2007,0.226666667,0.132570736,2.998,1.078987912,-5.620992436,55.70150839,1963
461,172576,651283,2,14,78,1542.595541,25.27365439,H,Very Moist,Very Poor,2008,0.182222222,0.110088348,3.034444444,1.101005581,-5.620992436,55.70150839,1963
461,172576,651283,2,14,78,1542.595541,25.27365439,H,Very Moist,Very Poor,2009,0.155555556,0.079074508,3.065555556,1.116820483,-5.620992436,55.70150839,1963
461,172576,651283,2,14,78,1542.595541,25.27365439,H,Very Moist,Very Poor,2010,0.151111111,0.082831824,3.095777778,1.133386848,-5.620992436,55.70150839,1963
6619,175038,666632,2,12,191,2687.101911,19.11388175,H,Very Moist,Very Poor,1970,2.116666667,0.555187656,0.423333333,0.111037531,-5.594557157,55.8402968,1964
6619,175038,666632,2,12,191,2687.101911,19.11388175,H,Very Moist,Very Poor,1971,3.166666667,0.623645198,1.056666667,0.235766571,-5.594557157,55.8402968,1964
6619,175038,666632,2,12,191,2687.101911,19.11388175,H,Very Moist,Very Poor,1972,2.598,0.891302418,1.576266667,0.414027054,-5.594557157,55.8402968,1964
6619,175038,666632,2,12,191,2687.101911,19.11388175,H,Very Moist,Very Poor,1973,3.725,0.891666978,2.321266667,0.59236045,-5.594557157,55.8402968,1964
6619,175038,666632,2,12,191,2687.101911,19.11388175,H,Very Moist,Very Poor,1974,3.832857143,1.463269334,3.087838095,0.885014317,-5.594557157,55.8402968,1964
6619,175038,666632,2,12,191,2687.101911,19.11388175,H,Very Moist,Very Poor,1975,4.71375,1.709577538,4.030588095,1.226929824,-5.594557157,55.8402968,1964
6619,175038,666632,2,12,191,2687.101911,19.11388175,H,Very Moist,Very Poor,1976,5.48875,1.689263893,5.128338095,1.564782603,-5.594557157,55.8402968,1964
6619,175038,666632,2,12,191,2687.101911,19.11388175,H,Very Moist,Very Poor,1977,5.4875,2.382302308,6.225838095,2.041243064,-5.594557157,55.8402968,1964
6619,175038,666632,2,12,191,2687.101911,19.11388175,H,Very Moist,Very Poor,1978,5.0525,1.462519841,7.236338095,2.333747033,-5.594557157,55.8402968,1964
6619,175038,666632,2,12,191,2687.101911,19.11388175,H,Very Moist,Very Poor,1979,4.875,1.500295209,8.211338095,2.633806074,-5.594557157,55.8402968,1964
6619,175038,666632,2,12,191,2687.101911,19.11388175,H,Very Moist,Very Poor,1980,4.66625,1.345945631,9.144588095,2.902995201,-5.594557157,55.8402968,1964
6619,175038,666632,2,12,191,2687.101911,19.11388175,H,Very Moist,Very Poor,1981,3.10625,0.960757699,9.765838095,3.095146741,-5.594557157,55.8402968,1964
6619,175038,666632,2,12,191,2687.101911,19.11388175,H,Very Moist,Very Poor,1982,2.97875,1.022635775,10.3615881,3.299673896,-5.594557157,55.8402968,1964
6619,175038,666632,2,12,191,2687.101911,19.11388175,H,Very Moist,Very Poor,1983,2.91,1.067306356,10.9435881,3.513135167,-5.594557157,55.8402968,1964
6619,175038,666632,2,12,191,2687.101911,19.11388175,H,Very Moist,Very Poor,1984,2.8875,0.677384677,11.5210881,3.648612102,-5.594557157,55.8402968,1964
6619,175038,666632,2,12,191,2687.101911,19.11388175,H,Very Moist,Very Poor,1985,2.815,0.541584976,12.0840881,3.756929097,-5.594557157,55.8402968,1964
6619,175038,666632,2,12,191,2687.101911,19.11388175,H,Very Moist,Very Poor,1986,2.4975,0.421485468,12.5835881,3.841226191,-5.594557157,55.8402968,1964
6619,175038,666632,2,12,191,2687.101911,19.11388175,H,Very Moist,Very Poor,1987,2.02625,0.453082695,12.9888381,3.93184273,-5.594557157,55.8402968,1964
6619,175038,666632,2,12,191,2687.101911,19.11388175,H,Very Moist,Very Poor,1988,2.3225,0.455560879,13.4533381,4.022954906,-5.594557157,55.8402968,1964
6619,175038,666632,2,12,191,2687.101911,19.11388175,H,Very Moist,Very Poor,1989,1.88,0.687936874,13.8293381,4.160542281,-5.594557157,55.8402968,1964
6619,175038,666632,2,12,191,2687.101911,19.11388175,H,Very Moist,Very Poor,1990,1.5875,0.749928568,14.1468381,4.310527994,-5.594557157,55.8402968,1964
6619,175038,666632,2,12,191,2687.101911,19.11388175,H,Very Moist,Very Poor,1991,1.74,0.732412842,14.4948381,4.457010563,-5.594557157,55.8402968,1964
6619,175038,666632,2,12,191,2687.101911,19.11388175,H,Very Moist,Very Poor,1992,1.70625,0.573658373,14.8360881,4.571742237,-5.594557157,55.8402968,1964
6619,175038,666632,2,12,191,2687.101911,19.11388175,H,Very Moist,Very Poor,1993,1.475,0.527879856,15.1310881,4.677318208,-5.594557157,55.8402968,1964
6619,175038,666632,2,12,191,2687.101911,19.11388175,H,Very Moist,Very Poor,1994,1.81,0.653080612,15.4930881,4.807934331,-5.594557157,55.8402968,1964
6619,175038,666632,2,12,191,2687.101911,19.11388175,H,Very Moist,Very Poor,1995,1.83,0.54277067,15.8590881,4.916488465,-5.594557157,55.8402968,1964
6619,175038,666632,2,12,191,2687.101911,19.11388175,H,Very Moist,Very Poor,1996,1.66875,0.516151625,16.1928381,5.01971879,-5.594557157,55.8402968,1964
6619,175038,666632,2,12,191,2687.101911,19.11388175,H,Very Moist,Very Poor,1997,1.79875,0.445210624,16.5525881,5.108760915,-5.594557157,55.8402968,1964
6619,175038,666632,2,12,191,2687.101911,19.11388175,H,Very Moist,Very Poor,1998,1.5175,0.221794628,16.8560881,5.15311984,-5.594557157,55.8402968,1964
6619,175038,666632,2,12,191,2687.101911,19.11388175,H,Very Moist,Very Poor,1999,1.63125,0.334511905,17.1823381,5.220022221,-5.594557157,55.8402968,1964
6619,175038,666632,2,12,191,2687.101911,19.11388175,H,Very Moist,Very Poor,2000,1.68125,0.334639998,17.5185881,5.286950221,-5.594557157,55.8402968,1964
6619,175038,666632,2,12,191,2687.101911,19.11388175,H,Very Moist,Very Poor,2001,1.51625,0.349895393,17.8218381,5.356929299,-5.594557157,55.8402968,1964
6619,175038,666632,2,12,191,2687.101911,19.11388175,H,Very Moist,Very Poor,2002,1.82125,0.376010543,18.1860881,5.432131408,-5.594557157,55.8402968,1964
6619,175038,666632,2,12,191,2687.101911,19.11388175,H,Very Moist,Very Poor,2003,1.7225,0.345574057,18.5305881,5.501246219,-5.594557157,55.8402968,1964
6619,175038,666632,2,12,191,2687.101911,19.11388175,H,Very Moist,Very Poor,2004,1.665,0.576690063,18.8635881,5.616584232,-5.594557157,55.8402968,1964
6619,175038,666632,2,12,191,2687.101911,19.11388175,H,Very Moist,Very Poor,2005,1.575,0.426111991,19.1785881,5.70180663,-5.594557157,55.8402968,1964
6619,175038,666632,2,12,191,2687.101911,19.11388175,H,Very Moist,Very Poor,2006,1.5,0.537773186,19.4785881,5.809361267,-5.594557157,55.8402968,1964
6619,175038,666632,2,12,191,2687.101911,19.11388175,H,Very Moist,Very Poor,2007,1.53,0.563433353,19.7845881,5.922047938,-5.594557157,55.8402968,1964
6619,175038,666632,2,12,191,2687.101911,19.11388175,H,Very Moist,Very Poor,2008,1.11875,0.414192416,20.0083381,6.004886421,-5.594557157,55.8402968,1964
6619,175038,666632,2,12,191,2687.101911,19.11388175,H,Very Moist,Very Poor,2009,1.19375,0.555156027,20.2470881,6.115917626,-5.594557157,55.8402968,1964
6619,175038,666632,2,12,191,2687.101911,19.11388175,H,Very Moist,Very Poor,2010,1.24125,0.608849911,20.4953381,6.237687609,-5.594557157,55.8402968,1964
7643,488167,494894,2,16,240,1149.098166,23.3059633,1,Very Moist,Very Poor,1979,1.226666667,0.818311269,0.245333333,0.163662254,-0.645320379,54.34198672,1975
7643,488167,494894,2,16,240,1149.098166,23.3059633,1,Very Moist,Very Poor,1980,2.596,1.18668867,0.764533333,0.400999988,-0.645320379,54.34198672,1975
7643,488167,494894,2,16,240,1149.098166,23.3059633,1,Very Moist,Very Poor,1981,3.427142857,0.991458762,1.449961905,0.59929174,-0.645320379,54.34198672,1975
7643,488167,494894,2,16,240,1149.098166,23.3059633,1,Very Moist,Very Poor,1982,3.065555556,1.720008075,2.063073016,0.943293355,-0.645320379,54.34198672,1975
7643,488167,494894,2,16,240,1149.098166,23.3059633,1,Very Moist,Very Poor,1983,4.209,1.275046404,2.904873016,1.198302636,-0.645320379,54.34198672,1975
7643,488167,494894,2,16,240,1149.098166,23.3059633,1,Very Moist,Very Poor,1984,6.774,1.556921464,4.259673016,1.509686929,-0.645320379,54.34198672,1975
7643,488167,494894,2,16,240,1149.098166,23.3059633,1,Very Moist,Very Poor,1985,7.275,1.511976264,5.714673016,1.812082182,-0.645320379,54.34198672,1975
7643,488167,494894,2,16,240,1149.098166,23.3059633,1,Very Moist,Very Poor,1986,7.119,0.970113968,7.138473016,2.006104975,-0.645320379,54.34198672,1975
7643,488167,494894,2,16,240,1149.098166,23.3059633,1,Very Moist,Very Poor,1987,6.326,0.955721949,8.403673016,2.197249365,-0.645320379,54.34198672,1975
7643,488167,494894,2,16,240,1149.098166,23.3059633,1,Very Moist,Very Poor,1988,6.695,1.165220532,9.742673016,2.430293472,-0.645320379,54.34198672,1975
7643,488167,494894,2,16,240,1149.098166,23.3059633,1,Very Moist,Very Poor,1989,5.107,0.787302709,10.76407302,2.587754013,-0.645320379,54.34198672,1975
7643,488167,494894,2,16,240,1149.098166,23.3059633,1,Very Moist,Very Poor,1990,3.998,0.930576882,11.56367302,2.77386939,-0.645320379,54.34198672,1975
7643,488167,494894,2,16,240,1149.098166,23.3059633,1,Very Moist,Very Poor,1991,3.885,0.841575903,12.34067302,2.94218457,-0.645320379,54.34198672,1975
7643,488167,494894,2,16,240,1149.098166,23.3059633,1,Very Moist,Very Poor,1992,5.901,0.994132229,13.52087302,3.141011016,-0.645320379,54.34198672,1975
7643,488167,494894,2,16,240,1149.098166,23.3059633,1,Very Moist,Very Poor,1993,6.093,1.479872742,14.73947302,3.436985565,-0.645320379,54.34198672,1975
7643,488167,494894,2,16,240,1149.098166,23.3059633,1,Very Moist,Very Poor,1994,5.683,1.384582167,15.87607302,3.713901998,-0.645320379,54.34198672,1975
7643,488167,494894,2,16,240,1149.098166,23.3059633,1,Very Moist,Very Poor,1995,3.452,1.069951193,16.56647302,3.927892237,-0.645320379,54.34198672,1975
7643,488167,494894,2,16,240,1149.098166,23.3059633,1,Very Moist,Very Poor,1996,3.199,1.092311006,17.20627302,4.146354438,-0.645320379,54.34198672,1975
7643,488167,494894,2,16,240,1149.098166,23.3059633,1,Very Moist,Very Poor,1997,3.783,1.138654664,17.96287302,4.374085371,-0.645320379,54.34198672,1975
7643,488167,494894,2,16,240,1149.098166,23.3059633,1,Very Moist,Very Poor,1998,3.087,1.069849938,18.58027302,4.588055358,-0.645320379,54.34198672,1975
7643,488167,494894,2,16,240,1149.098166,23.3059633,1,Very Moist,Very Poor,1999,2.909,1.116297949,19.16207302,4.811314948,-0.645320379,54.34198672,1975
7643,488167,494894,2,16,240,1149.098166,23.3059633,1,Very Moist,Very Poor,2000,2.876,1.152602852,19.73727302,5.041835518,-0.645320379,54.34198672,1975
7643,488167,494894,2,16,240,1149.098166,23.3059633,1,Very Moist,Very Poor,2001,2.953,1.164531856,20.32787302,5.27474189,-0.645320379,54.34198672,1975
7643,488167,494894,2,16,240,1149.098166,23.3059633,1,Very Moist,Very Poor,2002,2.715,1.115100892,20.87087302,5.497762068,-0.645320379,54.34198672,1975
7643,488167,494894,2,16,240,1149.098166,23.3059633,1,Very Moist,Very Poor,2003,2.61,1.15901299,21.39287302,5.729564666,-0.645320379,54.34198672,1975
7643,488167,494894,2,16,240,1149.098166,23.3059633,1,Very Moist,Very Poor,2004,2.844,1.013105237,21.96167302,5.932185713,-0.645320379,54.34198672,1975
7643,488167,494894,2,16,240,1149.098166,23.3059633,1,Very Moist,Very Poor,2005,2.964,1.004104908,22.55447302,6.133006695,-0.645320379,54.34198672,1975
7643,488167,494894,2,16,240,1149.098166,23.3059633,1,Very Moist,Very Poor,2006,2.726,0.786019508,23.09967302,6.290210597,-0.645320379,54.34198672,1975
7643,488167,494894,2,16,240,1149.098166,23.3059633,1,Very Moist,Very Poor,2007,3.783,1.274397897,23.85627302,6.545090176,-0.645320379,54.34198672,1975
7643,488167,494894,2,16,240,1149.098166,23.3059633,1,Very Moist,Very Poor,2008,2.689,1.062611563,24.39407302,6.757612489,-0.645320379,54.34198672,1975
7643,488167,494894,2,16,240,1149.098166,23.3059633,1,Very Moist,Very Poor,2009,2.571,0.97272184,24.90827302,6.952156857,-0.645320379,54.34198672,1975
7643,488167,494894,2,16,240,1149.098166,23.3059633,1,Very Moist,Very Poor,2010,2.692,0.903287822,25.44667302,7.132814421,-0.645320379,54.34198672,1975
7643,488167,494894,2,16,240,1149.098166,23.3059633,1,Very Moist,Very Poor,2011,2.863,0.620842617,26.01927302,7.256982944,-0.645320379,54.34198672,1975
9004,461550,499113,2,12,350,1741.640127,23.6173913,-1,Very Wet,Very Poor,1977,2.4625,1.293298303,0.4925,0.258659661,-1.053796925,54.38379819,1970
9004,461550,499113,2,12,350,1741.640127,23.6173913,-1,Very Wet,Very Poor,1978,3.4716,0.575563463,1.18682,0.373772353,-1.053796925,54.38379819,1970
9004,461550,499113,2,12,350,1741.640127,23.6173913,-1,Very Wet,Very Poor,1979,4.032833333,1.698924768,1.993386667,0.713557307,-1.053796925,54.38379819,1970
9004,461550,499113,2,12,350,1741.640127,23.6173913,-1,Very Wet,Very Poor,1980,5.011,2.621446547,2.995586667,1.237846616,-1.053796925,54.38379819,1970
9004,461550,499113,2,12,350,1741.640127,23.6173913,-1,Very Wet,Very Poor,1981,6.6603,1.853511865,4.327646667,1.608548989,-1.053796925,54.38379819,1970
9004,461550,499113,2,12,350,1741.640127,23.6173913,-1,Very Wet,Very Poor,1982,8.9671,3.035883377,6.121066667,2.215725665,-1.053796925,54.38379819,1970
9004,461550,499113,2,12,350,1741.640127,23.6173913,-1,Very Wet,Very Poor,1983,8.189,2.096842176,7.758866667,2.6350941,-1.053796925,54.38379819,1970
9004,461550,499113,2,12,350,1741.640127,23.6173913,-1,Very Wet,Very Poor,1984,7.8762,1.780292598,9.334106667,2.991152619,-1.053796925,54.38379819,1970
9004,461550,499113,2,12,350,1741.640127,23.6173913,-1,Very Wet,Very Poor,1985,7.4064,1.57186946,10.81538667,3.305526511,-1.053796925,54.38379819,1970
9004,461550,499113,2,12,350,1741.640127,23.6173913,-1,Very Wet,Very Poor,1986,6.5092,1.471164225,12.11722667,3.599759356,-1.053796925,54.38379819,1970
9004,461550,499113,2,12,350,1741.640127,23.6173913,-1,Very Wet,Very Poor,1987,5.7773,1.286187221,13.27268667,3.856996801,-1.053796925,54.38379819,1970
9004,461550,499113,2,12,350,1741.640127,23.6173913,-1,Very Wet,Very Poor,1988,4.8695,0.966766345,14.24658667,4.05035007,-1.053796925,54.38379819,1970
9004,461550,499113,2,12,350,1741.640127,23.6173913,-1,Very Wet,Very Poor,1989,3.1825,0.948009289,14.88308667,4.239951927,-1.053796925,54.38379819,1970
9004,461550,499113,2,12,350,1741.640127,23.6173913,-1,Very Wet,Very Poor,1990,2.9703,1.012980097,15.47714667,4.442547947,-1.053796925,54.38379819,1970
9004,461550,499113,2,12,350,1741.640127,23.6173913,-1,Very Wet,Very Poor,1991,3.4612,1.449638177,16.16938667,4.732475582,-1.053796925,54.38379819,1970
9004,461550,499113,2,12,350,1741.640127,23.6173913,-1,Very Wet,Very Poor,1992,3.1078,1.099216165,16.79094667,4.952318815,-1.053796925,54.38379819,1970
9004,461550,499113,2,12,350,1741.640127,23.6173913,-1,Very Wet,Very Poor,1993,2.9537,1.015891513,17.38168667,5.155497118,-1.053796925,54.38379819,1970
9004,461550,499113,2,12,350,1741.640127,23.6173913,-1,Very Wet,Very Poor,1994,2.9389,0.794261845,17.96946667,5.314349487,-1.053796925,54.38379819,1970
9004,461550,499113,2,12,350,1741.640127,23.6173913,-1,Very Wet,Very Poor,1995,3.0184,1.006843715,18.57314667,5.51571823,-1.053796925,54.38379819,1970
9004,461550,499113,2,12,350,1741.640127,23.6173913,-1,Very Wet,Very Poor,1996,2.6442,1.159845756,19.10198667,5.747687381,-1.053796925,54.38379819,1970
9004,461550,499113,2,12,350,1741.640127,23.6173913,-1,Very Wet,Very Poor,1997,2.8735,1.069729795,19.67668667,5.96163334,-1.053796925,54.38379819,1970
9004,461550,499113,2,12,350,1741.640127,23.6173913,-1,Very Wet,Very Poor,1998,2.0264,0.821057069,20.08196667,6.125844754,-1.053796925,54.38379819,1970
9004,461550,499113,2,12,350,1741.640127,23.6173913,-1,Very Wet,Very Poor,1999,2.0072,0.80530516,20.48340667,6.286905786,-1.053796925,54.38379819,1970
9004,461550,499113,2,12,350,1741.640127,23.6173913,-1,Very Wet,Very Poor,2000,2.1354,0.530496665,20.91048667,6.393005119,-1.053796925,54.38379819,1970
9004,461550,499113,2,12,350,1741.640127,23.6173913,-1,Very Wet,Very Poor,2001,2.3519,0.78161122,21.38086667,6.549327363,-1.053796925,54.38379819,1970
9004,461550,499113,2,12,350,1741.640127,23.6173913,-1,Very Wet,Very Poor,2002,2.464,0.925004504,21.87366667,6.734328264,-1.053796925,54.38379819,1970
9004,461550,499113,2,12,350,1741.640127,23.6173913,-1,Very Wet,Very Poor,2003,1.9706,0.865451353,22.26778667,6.907418534,-1.053796925,54.38379819,1970
9004,461550,499113,2,12,350,1741.640127,23.6173913,-1,Very Wet,Very Poor,2004,2.1392,1.009869276,22.69562667,7.10939239,-1.053796925,54.38379819,1970
9004,461550,499113,2,12,350,1741.640127,23.6173913,-1,Very Wet,Very Poor,2005,2.1452,1.19143926,23.12466667,7.347680242,-1.053796925,54.38379819,1970
9004,461550,499113,2,12,350,1741.640127,23.6173913,-1,Very Wet,Very Poor,2006,1.7032,0.772723869,23.46530667,7.502225015,-1.053796925,54.38379819,1970
9004,461550,499113,2,12,350,1741.640127,23.6173913,-1,Very Wet,Very Poor,2007,2.6259,1.511125442,23.99048667,7.804450104,-1.053796925,54.38379819,1970
9004,461550,499113,2,12,350,1741.640127,23.6173913,-1,Very Wet,Very Poor,2008,2.0775,1.132645698,24.40598667,8.030979243,-1.053796925,54.38379819,1970
9004,461550,499113,2,12,350,1741.640127,23.6173913,-1,Very Wet,Very Poor,2009,2.0471,0.861286821,24.81540667,8.203236608,-1.053796925,54.38379819,1970
9004,461550,499113,2,12,350,1741.640127,23.6173913,-1,Very Wet,Very Poor,2010,1.8301,0.741730776,25.18142667,8.351582763,-1.053796925,54.38379819,1970
9004,461550,499113,2,12,350,1741.640127,23.6173913,-1,Very Wet,Very Poor,2011,2.2781,1.106025462,25.63704667,8.572787855,-1.053796925,54.38379819,1970
9008,461860,499401,1.7,16,340,2562.612646,23.75696203,-1,Very Wet,Very Poor,1972,2.766,1.519318926,0.5532,0.303863785,-1.048964644,54.38634862,1967
9008,461860,499401,1.7,16,340,2562.612646,23.75696203,-1,Very Wet,Very Poor,1973,3.245714286,1.171763018,1.202342857,0.538216389,-1.048964644,54.38634862,1967
9008,461860,499401,1.7,16,340,2562.612646,23.75696203,-1,Very Wet,Very Poor,1974,4.301428571,0.990781317,2.062628571,0.736372652,-1.048964644,54.38634862,1967
9008,461860,499401,1.7,16,340,2562.612646,23.75696203,-1,Very Wet,Very Poor,1975,5.99,1.596943509,3.260628571,1.055761354,-1.048964644,54.38634862,1967
9008,461860,499401,1.7,16,340,2562.612646,23.75696203,-1,Very Wet,Very Poor,1976,6.607777778,2.646302977,4.582184127,1.58502195,-1.048964644,54.38634862,1967
9008,461860,499401,1.7,16,340,2562.612646,23.75696203,-1,Very Wet,Very Poor,1977,7.465555556,2.414048007,6.075295238,2.067831551,-1.048964644,54.38634862,1967
9008,461860,499401,1.7,16,340,2562.612646,23.75696203,-1,Very Wet,Very Poor,1978,8.002222222,1.922678976,7.675739683,2.452367346,-1.048964644,54.38634862,1967
9008,461860,499401,1.7,16,340,2562.612646,23.75696203,-1,Very Wet,Very Poor,1979,7.015555556,1.248390074,9.078850794,2.702045361,-1.048964644,54.38634862,1967
9008,461860,499401,1.7,16,340,2562.612646,23.75696203,-1,Very Wet,Very Poor,1980,5.877777778,1.39045656,10.25440635,2.980136673,-1.048964644,54.38634862,1967
9008,461860,499401,1.7,16,340,2562.612646,23.75696203,-1,Very Wet,Very Poor,1981,5.02,1.577743642,11.25840635,3.295685401,-1.048964644,54.38634862,1967
9008,461860,499401,1.7,16,340,2562.612646,23.75696203,-1,Very Wet,Very Poor,1982,4.812222222,1.451419803,12.22085079,3.585969362,-1.048964644,54.38634862,1967
9008,461860,499401,1.7,16,340,2562.612646,23.75696203,-1,Very Wet,Very Poor,1983,3.98,1.056669295,13.01685079,3.797303221,-1.048964644,54.38634862,1967
9008,461860,499401,1.7,16,340,2562.612646,23.75696203,-1,Very Wet,Very Poor,1984,3.332222222,1.074148241,13.68329524,4.012132869,-1.048964644,54.38634862,1967
9008,461860,499401,1.7,16,340,2562.612646,23.75696203,-1,Very Wet,Very Poor,1985,3.116666667,1.217312614,14.30662857,4.255595392,-1.048964644,54.38634862,1967
9008,461860,499401,1.7,16,340,2562.612646,23.75696203,-1,Very Wet,Very Poor,1986,3.097777778,1.361412665,14.92618413,4.527877925,-1.048964644,54.38634862,1967
9008,461860,499401,1.7,16,340,2562.612646,23.75696203,-1,Very Wet,Very Poor,1987,2.708888889,1.228255312,15.4679619,4.773528987,-1.048964644,54.38634862,1967
9008,461860,499401,1.7,16,340,2562.612646,23.75696203,-1,Very Wet,Very Poor,1988,2.538888889,0.958194193,15.97573968,4.965167826,-1.048964644,54.38634862,1967
9008,461860,499401,1.7,16,340,2562.612646,23.75696203,-1,Very Wet,Very Poor,1989,1.793333333,0.742866071,16.33440635,5.11374104,-1.048964644,54.38634862,1967
9008,461860,499401,1.7,16,340,2562.612646,23.75696203,-1,Very Wet,Very Poor,1990,1.822222222,0.663188845,16.69885079,5.246378809,-1.048964644,54.38634862,1967
9008,461860,499401,1.7,16,340,2562.612646,23.75696203,-1,Very Wet,Very Poor,1991,1.117777778,0.423047804,16.92240635,5.33098837,-1.048964644,54.38634862,1967
9008,461860,499401,1.7,16,340,2562.612646,23.75696203,-1,Very Wet,Very Poor,1992,1.096666667,0.444831429,17.14173968,5.419954656,-1.048964644,54.38634862,1967
9008,461860,499401,1.7,16,340,2562.612646,23.75696203,-1,Very Wet,Very Poor,1993,1.184444444,0.364729733,17.37862857,5.492900602,-1.048964644,54.38634862,1967
9008,461860,499401,1.7,16,340,2562.612646,23.75696203,-1,Very Wet,Very Poor,1994,1.053333333,0.357351368,17.58929524,5.564370876,-1.048964644,54.38634862,1967
9008,461860,499401,1.7,16,340,2562.612646,23.75696203,-1,Very Wet,Very Poor,1995,1.257777778,0.414722129,17.84085079,5.647315302,-1.048964644,54.38634862,1967
9008,461860,499401,1.7,16,340,2562.612646,23.75696203,-1,Very Wet,Very Poor,1996,1.41,0.548885234,18.12285079,5.757092349,-1.048964644,54.38634862,1967
9008,461860,499401,1.7,16,340,2562.612646,23.75696203,-1,Very Wet,Very Poor,1997,1.968888889,0.663710111,18.51662857,5.889834371,-1.048964644,54.38634862,1967
9008,461860,499401,1.7,16,340,2562.612646,23.75696203,-1,Very Wet,Very Poor,1998,1.688888889,0.483410913,18.85440635,5.986516553,-1.048964644,54.38634862,1967
9008,461860,499401,1.7,16,340,2562.612646,23.75696203,-1,Very Wet,Very Poor,1999,1.422222222,0.696487218,19.13885079,6.125813997,-1.048964644,54.38634862,1967
9008,461860,499401,1.7,16,340,2562.612646,23.75696203,-1,Very Wet,Very Poor,2000,1.362222222,0.645460645,19.41129524,6.254906126,-1.048964644,54.38634862,1967
9008,461860,499401,1.7,16,340,2562.612646,23.75696203,-1,Very Wet,Very Poor,2001,1.331111111,0.59383172,19.67751746,6.37367247,-1.048964644,54.38634862,1967
9008,461860,499401,1.7,16,340,2562.612646,23.75696203,-1,Very Wet,Very Poor,2002,1.585555556,0.727239835,19.99462857,6.519120437,-1.048964644,54.38634862,1967
9008,461860,499401,1.7,16,340,2562.612646,23.75696203,-1,Very Wet,Very Poor,2003,1.487777778,0.837552652,20.29218413,6.686630967,-1.048964644,54.38634862,1967
9008,461860,499401,1.7,16,340,2562.612646,23.75696203,-1,Very Wet,Very Poor,2004,1.965555556,1.168761215,20.68529524,6.92038321,-1.048964644,54.38634862,1967
9008,461860,499401,1.7,16,340,2562.612646,23.75696203,-1,Very Wet,Very Poor,2005,2.046666667,0.944761875,21.09462857,7.109335585,-1.048964644,54.38634862,1967
9008,461860,499401,1.7,16,340,2562.612646,23.75696203,-1,Very Wet,Very Poor,2006,1.651111111,0.916780296,21.42485079,7.292691644,-1.048964644,54.38634862,1967
9008,461860,499401,1.7,16,340,2562.612646,23.75696203,-1,Very Wet,Very Poor,2007,2.428888889,1.149809163,21.91062857,7.522653477,-1.048964644,54.38634862,1967
9008,461860,499401,1.7,16,340,2562.612646,23.75696203,-1,Very Wet,Very Poor,2008,2.017777778,1.098928771,22.31418413,7.742439231,-1.048964644,54.38634862,1967
9008,461860,499401,1.7,16,340,2562.612646,23.75696203,-1,Very Wet,Very Poor,2009,2.08,1.35882302,22.73018413,8.014203835,-1.048964644,54.38634862,1967
9008,461860,499401,1.7,16,340,2562.612646,23.75696203,-1,Very Wet,Very Poor,2010,2.075555556,1.296457781,23.14529524,8.273495391,-1.048964644,54.38634862,1967
9008,461860,499401,1.7,16,340,2562.612646,23.75696203,-1,Very Wet,Very Poor,2011,2.165555556,1.298240262,23.57840635,8.533143444,-1.048964644,54.38634862,1967
EXM7,269680,133212,2,18,183,669.0340063,26.01654135,H,Fresh,Poor,1973,1.796666667,0.686318196,0.359333333,0.137263639,-3.861942695,51.08338109,1970
EXM7,269680,133212,2,18,183,669.0340063,26.01654135,H,Fresh,Poor,1974,3.137571429,1.258354197,0.986847619,0.388934479,-3.861942695,51.08338109,1970
EXM7,269680,133212,2,18,183,669.0340063,26.01654135,H,Fresh,Poor,1975,2.839,1.146781293,1.554647619,0.618290737,-3.861942695,51.08338109,1970
EXM7,269680,133212,2,18,183,669.0340063,26.01654135,H,Fresh,Poor,1976,2.620714286,0.870379173,2.078790476,0.792366572,-3.861942695,51.08338109,1970
EXM7,269680,133212,2,18,183,669.0340063,26.01654135,H,Fresh,Poor,1977,3.479571429,1.726217431,2.774704762,1.137610058,-3.861942695,51.08338109,1970
EXM7,269680,133212,2,18,183,669.0340063,26.01654135,H,Fresh,Poor,1978,4.9455,1.712081273,3.763804762,1.480026313,-3.861942695,51.08338109,1970
EXM7,269680,133212,2,18,183,669.0340063,26.01654135,H,Fresh,Poor,1979,5.828,1.634891084,4.929404762,1.80700453,-3.861942695,51.08338109,1970
EXM7,269680,133212,2,18,183,669.0340063,26.01654135,H,Fresh,Poor,1980,4.167375,1.179529317,5.762879762,2.042910393,-3.861942695,51.08338109,1970
EXM7,269680,133212,2,18,183,669.0340063,26.01654135,H,Fresh,Poor,1981,5.072625,1.369166059,6.777404762,2.316743605,-3.861942695,51.08338109,1970
EXM7,269680,133212,2,18,183,669.0340063,26.01654135,H,Fresh,Poor,1982,6.61825,1.904702508,8.101054762,2.697684106,-3.861942695,51.08338109,1970
EXM7,269680,133212,2,18,183,669.0340063,26.01654135,H,Fresh,Poor,1983,4.29975,0.986026333,8.961004762,2.894889373,-3.861942695,51.08338109,1970
EXM7,269680,133212,2,18,183,669.0340063,26.01654135,H,Fresh,Poor,1984,4.014375,1.468897929,9.763879762,3.188668959,-3.861942695,51.08338109,1970
EXM7,269680,133212,2,18,183,669.0340063,26.01654135,H,Fresh,Poor,1985,5.983,1.603026156,10.96047976,3.50927419,-3.861942695,51.08338109,1970
EXM7,269680,133212,2,18,183,669.0340063,26.01654135,H,Fresh,Poor,1986,6.830875,1.334753957,12.32665476,3.776224981,-3.861942695,51.08338109,1970
EXM7,269680,133212,2,18,183,669.0340063,26.01654135,H,Fresh,Poor,1987,6.32475,1.682692124,13.59160476,4.112763406,-3.861942695,51.08338109,1970
EXM7,269680,133212,2,18,183,669.0340063,26.01654135,H,Fresh,Poor,1988,5.499875,1.137583207,14.69157976,4.340280047,-3.861942695,51.08338109,1970
EXM7,269680,133212,2,18,183,669.0340063,26.01654135,H,Fresh,Poor,1989,3.54575,0.981740546,15.40072976,4.536628157,-3.861942695,51.08338109,1970
EXM7,269680,133212,2,18,183,669.0340063,26.01654135,H,Fresh,Poor,1990,3.64775,0.793205747,16.13027976,4.695269306,-3.861942695,51.08338109,1970
EXM7,269680,133212,2,18,183,669.0340063,26.01654135,H,Fresh,Poor,1991,3.852125,1.03671782,16.90070476,4.90261287,-3.861942695,51.08338109,1970
EXM7,269680,133212,2,18,183,669.0340063,26.01654135,H,Fresh,Poor,1992,4.293625,0.890116676,17.75942976,5.080636205,-3.861942695,51.08338109,1970
EXM7,269680,133212,2,18,183,669.0340063,26.01654135,H,Fresh,Poor,1993,3.974875,0.693493112,18.55440476,5.219334828,-3.861942695,51.08338109,1970
EXM7,269680,133212,2,18,183,669.0340063,26.01654135,H,Fresh,Poor,1994,3.03325,0.84171131,19.16105476,5.38767709,-3.861942695,51.08338109,1970
EXM7,269680,133212,2,18,183,669.0340063,26.01654135,H,Fresh,Poor,1995,2.78125,0.528323156,19.71730476,5.493341721,-3.861942695,51.08338109,1970
EXM7,269680,133212,2,18,183,669.0340063,26.01654135,H,Fresh,Poor,1996,2.372875,0.493856381,20.19187976,5.592112997,-3.861942695,51.08338109,1970
EXM7,269680,133212,2,18,183,669.0340063,26.01654135,H,Fresh,Poor,1997,3.02475,0.743575676,20.79682976,5.740828132,-3.861942695,51.08338109,1970
EXM7,269680,133212,2,18,183,669.0340063,26.01654135,H,Fresh,Poor,1998,4.158,1.375231617,21.62842976,6.015874456,-3.861942695,51.08338109,1970
EXM7,269680,133212,2,18,183,669.0340063,26.01654135,H,Fresh,Poor,1999,4.106,1.172285923,22.44962976,6.25033164,-3.861942695,51.08338109,1970
EXM7,269680,133212,2,18,183,669.0340063,26.01654135,H,Fresh,Poor,2000,3.61225,0.924068914,23.17207976,6.435145423,-3.861942695,51.08338109,1970
EXM7,269680,133212,2,18,183,669.0340063,26.01654135,H,Fresh,Poor,2001,2.552,0.70560592,23.68247976,6.576266607,-3.861942695,51.08338109,1970
EXM7,269680,133212,2,18,183,669.0340063,26.01654135,H,Fresh,Poor,2002,3.452,1.210362165,24.37287976,6.81833904,-3.861942695,51.08338109,1970
EXM7,269680,133212,2,18,183,669.0340063,26.01654135,H,Fresh,Poor,2003,2.42925,0.704930544,24.85872976,6.959325149,-3.861942695,51.08338109,1970
EXM7,269680,133212,2,18,183,669.0340063,26.01654135,H,Fresh,Poor,2004,2.112625,0.887886083,25.28125476,7.136902365,-3.861942695,51.08338109,1970
EXM7,269680,133212,2,18,183,669.0340063,26.01654135,H,Fresh,Poor,2005,3.183375,1.448265557,25.91792976,7.426555477,-3.861942695,51.08338109,1970
EXM7,269680,133212,2,18,183,669.0340063,26.01654135,H,Fresh,Poor,2006,2.858375,1.629015473,26.48960476,7.752358571,-3.861942695,51.08338109,1970
EXM7,269680,133212,2,18,183,669.0340063,26.01654135,H,Fresh,Poor,2007,3.956125,2.344355619,27.28082976,8.221229695,-3.861942695,51.08338109,1970
EXM7,269680,133212,2,18,183,669.0340063,26.01654135,H,Fresh,Poor,2008,3.09575,1.330831614,27.89997976,8.487396018,-3.861942695,51.08338109,1970
EXM7,269680,133212,2,18,183,669.0340063,26.01654135,H,Fresh,Poor,2009,2.186125,1.293685813,28.33720476,8.746133181,-3.861942695,51.08338109,1970
EXM7,269680,133212,2,18,183,669.0340063,26.01654135,H,Fresh,Poor,2010,2.17825,1.595425223,28.77285476,9.065218225,-3.861942695,51.08338109,1970
EXM7,269680,133212,2,18,183,669.0340063,26.01654135,H,Fresh,Poor,2011,2.659375,2.055009276,29.30472976,9.476220081,-3.861942695,51.08338109,1970
FERN,266004,82670,2,18,425,678.5552091,23.912,H,Moist,Very Poor,1975,2.82,1.060660172,0.564,0.212132034,-3.895877942,50.62828816,1971
FERN,266004,82670,2,18,425,678.5552091,23.912,H,Moist,Very Poor,1976,3.631666667,1.645179828,1.290333333,0.541168,-3.895877942,50.62828816,1971
FERN,266004,82670,2,18,425,678.5552091,23.912,H,Moist,Very Poor,1977,5.806666667,1.644818126,2.451666667,0.870131625,-3.895877942,50.62828816,1971
FERN,266004,82670,2,18,425,678.5552091,23.912,H,Moist,Very Poor,1978,8.878333333,1.9596879,4.227333333,1.262069205,-3.895877942,50.62828816,1971
FERN,266004,82670,2,18,425,678.5552091,23.912,H,Moist,Very Poor,1979,7.22125,1.325577367,5.671583333,1.527184679,-3.895877942,50.62828816,1971
FERN,266004,82670,2,18,425,678.5552091,23.912,H,Moist,Very Poor,1980,7.704444444,1.730910968,7.212472222,1.873366872,-3.895877942,50.62828816,1971
FERN,266004,82670,2,18,425,678.5552091,23.912,H,Moist,Very Poor,1981,9.414,2.995334149,9.095272222,2.472433702,-3.895877942,50.62828816,1971
FERN,266004,82670,2,18,425,678.5552091,23.912,H,Moist,Very Poor,1982,8.709,1.295500332,10.83707222,2.731533769,-3.895877942,50.62828816,1971
FERN,266004,82670,2,18,425,678.5552091,23.912,H,Moist,Very Poor,1983,6.83,1.192886322,12.20307222,2.970111033,-3.895877942,50.62828816,1971
FERN,266004,82670,2,18,425,678.5552091,23.912,H,Moist,Very Poor,1984,6.559,1.496807343,13.51487222,3.269472502,-3.895877942,50.62828816,1971
FERN,266004,82670,2,18,425,678.5552091,23.912,H,Moist,Very Poor,1985,5.89,1.663891022,14.69287222,3.602250706,-3.895877942,50.62828816,1971
FERN,266004,82670,2,18,425,678.5552091,23.912,H,Moist,Very Poor,1986,6.207,1.665840128,15.93427222,3.935418732,-3.895877942,50.62828816,1971
FERN,266004,82670,2,18,425,678.5552091,23.912,H,Moist,Very Poor,1987,7.119,1.391134229,17.35807222,4.213645578,-3.895877942,50.62828816,1971
FERN,266004,82670,2,18,425,678.5552091,23.912,H,Moist,Very Poor,1988,5.11,1.49904414,18.38007222,4.513454406,-3.895877942,50.62828816,1971
FERN,266004,82670,2,18,425,678.5552091,23.912,H,Moist,Very Poor,1989,2.899,1.234696994,18.95987222,4.760393804,-3.895877942,50.62828816,1971
FERN,266004,82670,2,18,425,678.5552091,23.912,H,Moist,Very Poor,1990,3.232,1.785072672,19.60627222,5.117408339,-3.895877942,50.62828816,1971
FERN,266004,82670,2,18,425,678.5552091,23.912,H,Moist,Very Poor,1991,4.133,1.886390145,20.43287222,5.494686368,-3.895877942,50.62828816,1971
FERN,266004,82670,2,18,425,678.5552091,23.912,H,Moist,Very Poor,1992,4.765,1.405680934,21.38587222,5.775822555,-3.895877942,50.62828816,1971
FERN,266004,82670,2,18,425,678.5552091,23.912,H,Moist,Very Poor,1993,4.494,1.225390641,22.28467222,6.020900683,-3.895877942,50.62828816,1971
FERN,266004,82670,2,18,425,678.5552091,23.912,H,Moist,Very Poor,1994,3.48,0.888556882,22.98067222,6.198612059,-3.895877942,50.62828816,1971
FERN,266004,82670,2,18,425,678.5552091,23.912,H,Moist,Very Poor,1995,2.598,0.973399541,23.50027222,6.393291967,-3.895877942,50.62828816,1971
FERN,266004,82670,2,18,425,678.5552091,23.912,H,Moist,Very Poor,1996,3.092,1.3067585,24.11867222,6.654643667,-3.895877942,50.62828816,1971
FERN,266004,82670,2,18,425,678.5552091,23.912,H,Moist,Very Poor,1997,3.713,1.890009112,24.86127222,7.03264549,-3.895877942,50.62828816,1971
FERN,266004,82670,2,18,425,678.5552091,23.912,H,Moist,Very Poor,1998,3.598,1.967140056,25.58087222,7.426073501,-3.895877942,50.62828816,1971
FERN,266004,82670,2,18,425,678.5552091,23.912,H,Moist,Very Poor,1999,3.643,2.000150272,26.30947222,7.826103555,-3.895877942,50.62828816,1971
FERN,266004,82670,2,18,425,678.5552091,23.912,H,Moist,Very Poor,2000,3.292,1.940199302,26.96787222,8.214143416,-3.895877942,50.62828816,1971
FERN,266004,82670,2,18,425,678.5552091,23.912,H,Moist,Very Poor,2001,2.784,1.723943799,27.52467222,8.558932176,-3.895877942,50.62828816,1971
FERN,266004,82670,2,18,425,678.5552091,23.912,H,Moist,Very Poor,2002,3.111,2.076152692,28.14687222,8.974162714,-3.895877942,50.62828816,1971
FERN,266004,82670,2,18,425,678.5552091,23.912,H,Moist,Very Poor,2003,2.658,1.676343905,28.67847222,9.309431495,-3.895877942,50.62828816,1971
FERN,266004,82670,2,18,425,678.5552091,23.912,H,Moist,Very Poor,2004,2.476,1.493290178,29.17367222,9.608089531,-3.895877942,50.62828816,1971
FERN,266004,82670,2,18,425,678.5552091,23.912,H,Moist,Very Poor,2005,2.633,1.778751435,29.70027222,9.963839818,-3.895877942,50.62828816,1971
FERN,266004,82670,2,18,425,678.5552091,23.912,H,Moist,Very Poor,2006,2.962,1.918186644,30.29267222,10.34747715,-3.895877942,50.62828816,1971
FERN,266004,82670,2,18,425,678.5552091,23.912,H,Moist,Very Poor,2007,3.786,2.412450115,31.04987222,10.82996717,-3.895877942,50.62828816,1971
FERN,266004,82670,2,18,425,678.5552091,23.912,H,Moist,Very Poor,2008,3.233,1.759810912,31.69647222,11.18192935,-3.895877942,50.62828816,1971
FERN,266004,82670,2,18,425,678.5552091,23.912,H,Moist,Very Poor,2009,2.995,1.143010158,32.29547222,11.41053138,-3.895877942,50.62828816,1971
FERN,266004,82670,2,18,425,678.5552091,23.912,H,Moist,Very Poor,2010,3.157,1.489123904,32.92687222,11.70835616,-3.895877942,50.62828816,1971
FERN,266004,82670,2,18,425,678.5552091,23.912,H,Moist,Very Poor,2011,3.473,1.880461232,33.62147222,12.08444841,-3.895877942,50.62828816,1971
QUA6,316574,135751,2,14,285,1025.852143,21.32761194,1,Slightly Dry,Very Poor,1976,0.81,0.461627556,0.162,0.092325511,-3.193228479,51.11495372,1971
QUA6,316574,135751,2,14,285,1025.852143,21.32761194,1,Slightly Dry,Very Poor,1977,2.7225,1.163826304,0.7065,0.325090772,-3.193228479,51.11495372,1971
QUA6,316574,135751,2,14,285,1025.852143,21.32761194,1,Slightly Dry,Very Poor,1978,6.202,1.732734833,1.9469,0.671637738,-3.193228479,51.11495372,1971
QUA6,316574,135751,2,14,285,1025.852143,21.32761194,1,Slightly Dry,Very Poor,1979,4.895,1.742466642,2.9259,1.020131067,-3.193228479,51.11495372,1971
QUA6,316574,135751,2,14,285,1025.852143,21.32761194,1,Slightly Dry,Very Poor,1980,3.325,1.360246301,3.5909,1.292180327,-3.193228479,51.11495372,1971
QUA6,316574,135751,2,14,285,1025.852143,21.32761194,1,Slightly Dry,Very Poor,1981,3.855,2.101135747,4.3619,1.712407477,-3.193228479,51.11495372,1971
QUA6,316574,135751,2,14,285,1025.852143,21.32761194,1,Slightly Dry,Very Poor,1982,5.68125,1.891374689,5.49815,2.090682414,-3.193228479,51.11495372,1971
QUA6,316574,135751,2,14,285,1025.852143,21.32761194,1,Slightly Dry,Very Poor,1983,4.3825,1.461523178,6.37465,2.38298705,-3.193228479,51.11495372,1971
QUA6,316574,135751,2,14,285,1025.852143,21.32761194,1,Slightly Dry,Very Poor,1984,3.43125,1.604025628,7.0609,2.703792176,-3.193228479,51.11495372,1971
QUA6,316574,135751,2,14,285,1025.852143,21.32761194,1,Slightly Dry,Very Poor,1985,3.63625,1.619329116,7.78815,3.027657999,-3.193228479,51.11495372,1971
QUA6,316574,135751,2,14,285,1025.852143,21.32761194,1,Slightly Dry,Very Poor,1986,5.16,1.939057208,8.82015,3.41546944,-3.193228479,51.11495372,1971
QUA6,316574,135751,2,14,285,1025.852143,21.32761194,1,Slightly Dry,Very Poor,1987,5.17125,1.673571352,9.8544,3.750183711,-3.193228479,51.11495372,1971
QUA6,316574,135751,2,14,285,1025.852143,21.32761194,1,Slightly Dry,Very Poor,1988,4.87125,1.68149965,10.82865,4.086483641,-3.193228479,51.11495372,1971
QUA6,316574,135751,2,14,285,1025.852143,21.32761194,1,Slightly Dry,Very Poor,1989,4.29,1.221076808,11.68665,4.330699002,-3.193228479,51.11495372,1971
QUA6,316574,135751,2,14,285,1025.852143,21.32761194,1,Slightly Dry,Very Poor,1990,3.3825,1.045066642,12.36315,4.539712331,-3.193228479,51.11495372,1971
QUA6,316574,135751,2,14,285,1025.852143,21.32761194,1,Slightly Dry,Very Poor,1991,3.535,0.915111234,13.07015,4.722734578,-3.193228479,51.11495372,1971
QUA6,316574,135751,2,14,285,1025.852143,21.32761194,1,Slightly Dry,Very Poor,1992,3.94625,1.164191166,13.8594,4.955572811,-3.193228479,51.11495372,1971
QUA6,316574,135751,2,14,285,1025.852143,21.32761194,1,Slightly Dry,Very Poor,1993,3.3925,1.299095839,14.5379,5.215391979,-3.193228479,51.11495372,1971
QUA6,316574,135751,2,14,285,1025.852143,21.32761194,1,Slightly Dry,Very Poor,1994,2.50125,0.682902158,15.03815,5.35197241,-3.193228479,51.11495372,1971
QUA6,316574,135751,2,14,285,1025.852143,21.32761194,1,Slightly Dry,Very Poor,1995,2.2375,0.713977791,15.48565,5.494767969,-3.193228479,51.11495372,1971
QUA6,316574,135751,2,14,285,1025.852143,21.32761194,1,Slightly Dry,Very Poor,1996,1.455,0.543848718,15.77665,5.603537712,-3.193228479,51.11495372,1971
QUA6,316574,135751,2,14,285,1025.852143,21.32761194,1,Slightly Dry,Very Poor,1997,2.2325,1.164446527,16.22315,5.836427018,-3.193228479,51.11495372,1971
QUA6,316574,135751,2,14,285,1025.852143,21.32761194,1,Slightly Dry,Very Poor,1998,3.465,1.291532866,16.91615,6.094733591,-3.193228479,51.11495372,1971
QUA6,316574,135751,2,14,285,1025.852143,21.32761194,1,Slightly Dry,Very Poor,1999,4.54,1.71097299,17.82415,6.436928189,-3.193228479,51.11495372,1971
QUA6,316574,135751,2,14,285,1025.852143,21.32761194,1,Slightly Dry,Very Poor,2000,3.57,0.973491507,18.53815,6.63162649,-3.193228479,51.11495372,1971
QUA6,316574,135751,2,14,285,1025.852143,21.32761194,1,Slightly Dry,Very Poor,2001,3.1175,0.594035833,19.16165,6.750433657,-3.193228479,51.11495372,1971
QUA6,316574,135751,2,14,285,1025.852143,21.32761194,1,Slightly Dry,Very Poor,2002,3.195,0.668067576,19.80065,6.884047172,-3.193228479,51.11495372,1971
QUA6,316574,135751,2,14,285,1025.852143,21.32761194,1,Slightly Dry,Very Poor,2003,2.32625,0.653210478,20.2659,7.014689268,-3.193228479,51.11495372,1971
QUA6,316574,135751,2,14,285,1025.852143,21.32761194,1,Slightly Dry,Very Poor,2004,2.6825,0.941696797,20.8024,7.203028627,-3.193228479,51.11495372,1971
QUA6,316574,135751,2,14,285,1025.852143,21.32761194,1,Slightly Dry,Very Poor,2005,3.3425,0.971739971,21.4709,7.397376621,-3.193228479,51.11495372,1971
QUA6,316574,135751,2,14,285,1025.852143,21.32761194,1,Slightly Dry,Very Poor,2006,2.64875,0.947469374,22.00065,7.586870496,-3.193228479,51.11495372,1971
QUA6,316574,135751,2,14,285,1025.852143,21.32761194,1,Slightly Dry,Very Poor,2007,3.085,1.545260034,22.61765,7.895922503,-3.193228479,51.11495372,1971
QUA6,316574,135751,2,14,285,1025.852143,21.32761194,1,Slightly Dry,Very Poor,2008,3.11,1.417412129,23.23965,8.179404928,-3.193228479,51.11495372,1971
QUA6,316574,135751,2,14,285,1025.852143,21.32761194,1,Slightly Dry,Very Poor,2009,2.60625,1.410257702,23.7609,8.461456469,-3.193228479,51.11495372,1971
QUA6,316574,135751,2,14,285,1025.852143,21.32761194,1,Slightly Dry,Very Poor,2010,1.8325,1.059727054,24.1274,8.67340188,-3.193228479,51.11495372,1971
QUA6,316574,135751,2,14,285,1025.852143,21.32761194,1,Slightly Dry,Very Poor,2011,2.405,1.21825402,24.6084,8.917052684,-3.193228479,51.11495372,1971
