"","SiteIdentification","Easting","Northing","Spacing","YieldClass","elevation","StemsPerHa","Height","Thinning","SoilMoistureRegime","SoilNutrientRegime","Year","meanRW_mm","RWsd_mm","mean_dbh_cm","dbhSD_cm","lon","lat"
"1","2013",320670,524315,1.7,22,320,1598.745274,23.4769784172662,"1","Fresh","Poor","1979",4.355,2.34052344572747,0.871,0.468104689145494,-3.22969852931465,54.6077438645613
"2","2013",320670,524315,1.7,22,320,1598.745274,23.4769784172662,"1","Fresh","Poor","1980",4.22,1.48492424049175,1.715,0.765089537243844,-3.22969852931465,54.6077438645613
"3","2013",320670,524315,1.7,22,320,1598.745274,23.4769784172662,"1","Fresh","Poor","1981",3.89333333333333,2.45520535461564,2.49366666666667,1.25613060816697,-3.22969852931465,54.6077438645613
"4","2013",320670,524315,1.7,22,320,1598.745274,23.4769784172662,"1","Fresh","Poor","1982",4.66333333333333,1.57227012098218,3.42633333333333,1.57058463236341,-3.22969852931465,54.6077438645613
"5","2013",320670,524315,1.7,22,320,1598.745274,23.4769784172662,"1","Fresh","Poor","1983",3.948,3.15796928420781,4.21593333333333,2.20217848920497,-3.22969852931465,54.6077438645613
"6","2013",320670,524315,1.7,22,320,1598.745274,23.4769784172662,"1","Fresh","Poor","1984",4.56,2.60048072478917,5.12793333333333,2.72227463416281,-3.22969852931465,54.6077438645613
"7","2013",320670,524315,1.7,22,320,1598.745274,23.4769784172662,"1","Fresh","Poor","1985",5.98142857142857,1.4919945103946,6.32421904761905,3.02067353624173,-3.22969852931465,54.6077438645613
"8","2013",320670,524315,1.7,22,320,1598.745274,23.4769784172662,"1","Fresh","Poor","1986",6.11555555555555,2.45240754724368,7.54733015873016,3.51115504569046,-3.22969852931465,54.6077438645613
"9","2013",320670,524315,1.7,22,320,1598.745274,23.4769784172662,"1","Fresh","Poor","1987",6.27222222222222,1.90901661712109,8.8017746031746,3.89295836911468,-3.22969852931465,54.6077438645613
"10","2013",320670,524315,1.7,22,320,1598.745274,23.4769784172662,"1","Fresh","Poor","1988",5.92333333333333,1.70113932410017,9.98644126984127,4.23318623393472,-3.22969852931465,54.6077438645613
"11","2013",320670,524315,1.7,22,320,1598.745274,23.4769784172662,"1","Fresh","Poor","1989",4.421,1.07880025954761,10.8706412698413,4.44894628584424,-3.22969852931465,54.6077438645613
"12","2013",320670,524315,1.7,22,320,1598.745274,23.4769784172662,"1","Fresh","Poor","1990",6.56,1.75919173359687,12.1826412698413,4.80078463256361,-3.22969852931465,54.6077438645613
"13","2013",320670,524315,1.7,22,320,1598.745274,23.4769784172662,"1","Fresh","Poor","1991",6.795,1.40941477216609,13.5416412698413,5.08266758699683,-3.22969852931465,54.6077438645613
"14","2013",320670,524315,1.7,22,320,1598.745274,23.4769784172662,"1","Fresh","Poor","1992",6.615,1.50197832503964,14.8646412698413,5.38306325200476,-3.22969852931465,54.6077438645613
"15","2013",320670,524315,1.7,22,320,1598.745274,23.4769784172662,"1","Fresh","Poor","1993",6.011,1.30676402698506,16.0668412698413,5.64441605740177,-3.22969852931465,54.6077438645613
"16","2013",320670,524315,1.7,22,320,1598.745274,23.4769784172662,"1","Fresh","Poor","1994",4.938,1.33535513378776,17.0544412698413,5.91148708415932,-3.22969852931465,54.6077438645613
"17","2013",320670,524315,1.7,22,320,1598.745274,23.4769784172662,"1","Fresh","Poor","1995",4.281,1.33343707929712,17.9106412698413,6.17817450001875,-3.22969852931465,54.6077438645613
"18","2013",320670,524315,1.7,22,320,1598.745274,23.4769784172662,"1","Fresh","Poor","1996",5.101,1.47919985878252,18.9308412698413,6.47401447177525,-3.22969852931465,54.6077438645613
"19","2013",320670,524315,1.7,22,320,1598.745274,23.4769784172662,"1","Fresh","Poor","1997",6.005,1.49578110400924,20.1318412698413,6.7731706925771,-3.22969852931465,54.6077438645613
"20","2013",320670,524315,1.7,22,320,1598.745274,23.4769784172662,"1","Fresh","Poor","1998",4.6,1.99087920276445,21.0518412698413,7.17134653312999,-3.22969852931465,54.6077438645613
"21","2013",320670,524315,1.7,22,320,1598.745274,23.4769784172662,"1","Fresh","Poor","1999",4.713,2.03848554896358,21.9944412698413,7.57904364292271,-3.22969852931465,54.6077438645613
"22","2013",320670,524315,1.7,22,320,1598.745274,23.4769784172662,"1","Fresh","Poor","2000",4.474,2.05667044840279,22.8892412698413,7.99037773260326,-3.22969852931465,54.6077438645613
"23","2013",320670,524315,1.7,22,320,1598.745274,23.4769784172662,"1","Fresh","Poor","2001",4.347,1.96717535794064,23.7586412698413,8.38381280419139,-3.22969852931465,54.6077438645613
"24","2013",320670,524315,1.7,22,320,1598.745274,23.4769784172662,"1","Fresh","Poor","2002",3.536,1.51093936932551,24.4658412698413,8.68600067805649,-3.22969852931465,54.6077438645613
"25","2013",320670,524315,1.7,22,320,1598.745274,23.4769784172662,"1","Fresh","Poor","2003",3.218,1.65065508881238,25.1094412698413,9.01613169581897,-3.22969852931465,54.6077438645613
"26","2013",320670,524315,1.7,22,320,1598.745274,23.4769784172662,"1","Fresh","Poor","2004",3.66,1.47061589516471,25.8414412698413,9.31025487485191,-3.22969852931465,54.6077438645613
"27","2013",320670,524315,1.7,22,320,1598.745274,23.4769784172662,"1","Fresh","Poor","2005",2.89,1.48043537139886,26.4194412698413,9.60634194913169,-3.22969852931465,54.6077438645613
"28","2013",320670,524315,1.7,22,320,1598.745274,23.4769784172662,"1","Fresh","Poor","2006",2.76,1.71877863612508,26.9714412698413,9.9500976763567,-3.22969852931465,54.6077438645613
"29","2013",320670,524315,1.7,22,320,1598.745274,23.4769784172662,"1","Fresh","Poor","2007",3.073,1.31078475222542,27.5860412698413,10.2122546268018,-3.22969852931465,54.6077438645613
"30","2013",320670,524315,1.7,22,320,1598.745274,23.4769784172662,"1","Fresh","Poor","2008",2.509,0.830668405562653,28.0878412698413,10.3783883079143,-3.22969852931465,54.6077438645613
"31","2013",320670,524315,1.7,22,320,1598.745274,23.4769784172662,"1","Fresh","Poor","2009",3.378,2.67757684815539,28.7634412698413,10.9139036775454,-3.22969852931465,54.6077438645613
"32","2013",320670,524315,1.7,22,320,1598.745274,23.4769784172662,"1","Fresh","Poor","2010",3.397,3.90541518635059,29.4428412698413,11.6949867148155,-3.22969852931465,54.6077438645613
"33","2013",320670,524315,1.7,22,320,1598.745274,23.4769784172662,"1","Fresh","Poor","2011",3.402,3.55297621720157,30.1232412698413,12.4055819582558,-3.22969852931465,54.6077438645613
"34","2042",318585,524934,2,12,280,1121.122401,21.4163716814159,"1","Fresh","Poor","1971",1.23,0,0.246,0,-3.26214192105886,54.612973126587
"35","2042",318585,524934,2,12,280,1121.122401,21.4163716814159,"1","Fresh","Poor","1972",2.22333333333333,1.59406189758533,0.690666666666667,0.318812379517065,-3.26214192105886,54.612973126587
"36","2042",318585,524934,2,12,280,1121.122401,21.4163716814159,"1","Fresh","Poor","1973",2.298,1.45939028364588,1.15026666666667,0.610690436246241,-3.26214192105886,54.612973126587
"37","2042",318585,524934,2,12,280,1121.122401,21.4163716814159,"1","Fresh","Poor","1974",3.98666666666667,1.5793754039704,1.9476,0.926565517040321,-3.26214192105886,54.612973126587
"38","2042",318585,524934,2,12,280,1121.122401,21.4163716814159,"1","Fresh","Poor","1975",5.615,0.940420118883045,3.0706,1.11464954081693,-3.26214192105886,54.612973126587
"39","2042",318585,524934,2,12,280,1121.122401,21.4163716814159,"1","Fresh","Poor","1976",5.54,1.56290023445425,4.1786,1.42722958770778,-3.26214192105886,54.612973126587
"40","2042",318585,524934,2,12,280,1121.122401,21.4163716814159,"1","Fresh","Poor","1977",7.02875,1.61755050704982,5.58435,1.75073968911774,-3.26214192105886,54.612973126587
"41","2042",318585,524934,2,12,280,1121.122401,21.4163716814159,"1","Fresh","Poor","1978",7.47222222222222,2.50254759084507,7.07879444444444,2.25124920728676,-3.26214192105886,54.612973126587
"42","2042",318585,524934,2,12,280,1121.122401,21.4163716814159,"1","Fresh","Poor","1979",7.91333333333333,3.03408140958676,8.66146111111111,2.85806548920411,-3.26214192105886,54.612973126587
"43","2042",318585,524934,2,12,280,1121.122401,21.4163716814159,"1","Fresh","Poor","1980",5.94555555555556,2.4571584763254,9.85057222222222,3.34949718446919,-3.26214192105886,54.612973126587
"44","2042",318585,524934,2,12,280,1121.122401,21.4163716814159,"1","Fresh","Poor","1981",4.89555555555556,1.89661613875285,10.8296833333333,3.72882041221976,-3.26214192105886,54.612973126587
"45","2042",318585,524934,2,12,280,1121.122401,21.4163716814159,"1","Fresh","Poor","1982",4.221,2.2282551719027,11.6738833333333,4.1744714466003,-3.26214192105886,54.612973126587
"46","2042",318585,524934,2,12,280,1121.122401,21.4163716814159,"1","Fresh","Poor","1983",3.8,1.3494196283341,12.4338833333333,4.44435537226712,-3.26214192105886,54.612973126587
"47","2042",318585,524934,2,12,280,1121.122401,21.4163716814159,"1","Fresh","Poor","1984",3.236,1.01118412434795,13.0810833333333,4.64659219713671,-3.26214192105886,54.612973126587
"48","2042",318585,524934,2,12,280,1121.122401,21.4163716814159,"1","Fresh","Poor","1985",2.60818181818182,1.04436409534049,13.6027196969697,4.85546501620481,-3.26214192105886,54.612973126587
"49","2042",318585,524934,2,12,280,1121.122401,21.4163716814159,"1","Fresh","Poor","1986",2.76636363636364,1.24090509489866,14.1559924242424,5.10364603518454,-3.26214192105886,54.612973126587
"50","2042",318585,524934,2,12,280,1121.122401,21.4163716814159,"1","Fresh","Poor","1987",3.21,1.31483078759208,14.7979924242424,5.36661219270296,-3.26214192105886,54.612973126587
"51","2042",318585,524934,2,12,280,1121.122401,21.4163716814159,"1","Fresh","Poor","1988",3.01636363636364,0.972206487607162,15.4012651515152,5.56105349022439,-3.26214192105886,54.612973126587
"52","2042",318585,524934,2,12,280,1121.122401,21.4163716814159,"1","Fresh","Poor","1989",2.32636363636364,0.879013910325345,15.8665378787879,5.73685627228946,-3.26214192105886,54.612973126587
"53","2042",318585,524934,2,12,280,1121.122401,21.4163716814159,"1","Fresh","Poor","1990",2.21090909090909,1.15393634612534,16.3087196969697,5.96764354151452,-3.26214192105886,54.612973126587
"54","2042",318585,524934,2,12,280,1121.122401,21.4163716814159,"1","Fresh","Poor","1991",3.03363636363636,1.16438200541981,16.915446969697,6.20051994259849,-3.26214192105886,54.612973126587
"55","2042",318585,524934,2,12,280,1121.122401,21.4163716814159,"1","Fresh","Poor","1992",3.20727272727273,1.07157912362168,17.5569015151515,6.41483576732282,-3.26214192105886,54.612973126587
"56","2042",318585,524934,2,12,280,1121.122401,21.4163716814159,"1","Fresh","Poor","1993",2.95,0.846935652809586,18.1469015151515,6.58422289788474,-3.26214192105886,54.612973126587
"57","2042",318585,524934,2,12,280,1121.122401,21.4163716814159,"1","Fresh","Poor","1994",2.58636363636364,1.02269519141602,18.6641742424242,6.78876193616794,-3.26214192105886,54.612973126587
"58","2042",318585,524934,2,12,280,1121.122401,21.4163716814159,"1","Fresh","Poor","1995",2.88454545454545,1.42108665208258,19.2410833333333,7.07297926658446,-3.26214192105886,54.612973126587
"59","2042",318585,524934,2,12,280,1121.122401,21.4163716814159,"1","Fresh","Poor","1996",3.67727272727273,1.62319494152176,19.9765378787879,7.39761825488881,-3.26214192105886,54.612973126587
"60","2042",318585,524934,2,12,280,1121.122401,21.4163716814159,"1","Fresh","Poor","1997",4.01727272727273,1.9286735903677,20.7799924242424,7.78335297296235,-3.26214192105886,54.612973126587
"61","2042",318585,524934,2,12,280,1121.122401,21.4163716814159,"1","Fresh","Poor","1998",3.78909090909091,1.66846908599143,21.5378106060606,8.11704679016064,-3.26214192105886,54.612973126587
"62","2042",318585,524934,2,12,280,1121.122401,21.4163716814159,"1","Fresh","Poor","1999",3.30363636363636,1.95924104044027,22.1985378787879,8.50889499824869,-3.26214192105886,54.612973126587
"63","2042",318585,524934,2,12,280,1121.122401,21.4163716814159,"1","Fresh","Poor","2000",3.85818181818182,2.09506476358999,22.9701742424242,8.92790795096669,-3.26214192105886,54.612973126587
"64","2042",318585,524934,2,12,280,1121.122401,21.4163716814159,"1","Fresh","Poor","2001",4.41272727272727,2.39317818354209,23.8527196969697,9.40654358767511,-3.26214192105886,54.612973126587
"65","2042",318585,524934,2,12,280,1121.122401,21.4163716814159,"1","Fresh","Poor","2002",4.12636363636364,2.03411048238424,24.6779924242424,9.81336568415196,-3.26214192105886,54.612973126587
"66","2042",318585,524934,2,12,280,1121.122401,21.4163716814159,"1","Fresh","Poor","2003",3.60818181818182,1.76324597366231,25.3996287878788,10.1660148788844,-3.26214192105886,54.612973126587
"67","2042",318585,524934,2,12,280,1121.122401,21.4163716814159,"1","Fresh","Poor","2004",3.29363636363636,1.7080414089083,26.0583560606061,10.5076231606661,-3.26214192105886,54.612973126587
"68","2042",318585,524934,2,12,280,1121.122401,21.4163716814159,"1","Fresh","Poor","2005",4.04181818181818,2.00912328233893,26.8667196969697,10.9094478171339,-3.26214192105886,54.612973126587
"69","2042",318585,524934,2,12,280,1121.122401,21.4163716814159,"1","Fresh","Poor","2006",3.24454545454545,1.85384122101308,27.5156287878788,11.2802160613365,-3.26214192105886,54.612973126587
"70","2042",318585,524934,2,12,280,1121.122401,21.4163716814159,"1","Fresh","Poor","2007",2.91454545454545,1.96788903973961,28.0985378787879,11.6737938692844,-3.26214192105886,54.612973126587
"71","2042",318585,524934,2,12,280,1121.122401,21.4163716814159,"1","Fresh","Poor","2008",2.32454545454545,1.97671628533972,28.563446969697,12.0691371263523,-3.26214192105886,54.612973126587
"72","2042",318585,524934,2,12,280,1121.122401,21.4163716814159,"1","Fresh","Poor","2009",2.88,2.46188951823594,29.139446969697,12.5615150299995,-3.26214192105886,54.612973126587
"73","2042",318585,524934,2,12,280,1121.122401,21.4163716814159,"1","Fresh","Poor","2010",2.73636363636364,2.2809746720526,29.6867196969697,13.0177099644101,-3.26214192105886,54.612973126587
"74","2042",318585,524934,2,12,280,1121.122401,21.4163716814159,"1","Fresh","Poor","2011",2.75181818181818,2.00872008095612,30.2370833333333,13.4194539806013,-3.26214192105886,54.612973126587
"75","2191",298434,191990,2,18,312.4,1428.750029,25.5287878787879,"H","Moist","Very Poor","1976",2.0375,1.21016183490749,0.4075,0.242032366981498,-3.46838501332856,51.6175403623575
"76","2191",298434,191990,2,18,312.4,1428.750029,25.5287878787879,"H","Moist","Very Poor","1977",3.5225,1.09554780817635,1.112,0.461141928616768,-3.46838501332856,51.6175403623575
"77","2191",298434,191990,2,18,312.4,1428.750029,25.5287878787879,"H","Moist","Very Poor","1978",4.576,0.993544161071867,2.0272,0.659850760831141,-3.46838501332856,51.6175403623575
"78","2191",298434,191990,2,18,312.4,1428.750029,25.5287878787879,"H","Moist","Very Poor","1979",4.33,0.642534045790571,2.8932,0.788357569989255,-3.46838501332856,51.6175403623575
"79","2191",298434,191990,2,18,312.4,1428.750029,25.5287878787879,"H","Moist","Very Poor","1980",6.22833333333333,1.59784125202307,4.13886666666667,1.10792582039387,-3.46838501332856,51.6175403623575
"80","2191",298434,191990,2,18,312.4,1428.750029,25.5287878787879,"H","Moist","Very Poor","1981",6.40166666666667,0.839080846323325,5.4192,1.27574198965854,-3.46838501332856,51.6175403623575
"81","2191",298434,191990,2,18,312.4,1428.750029,25.5287878787879,"H","Moist","Very Poor","1982",6.30857142857143,1.23461773532578,6.68091428571429,1.52266553672369,-3.46838501332856,51.6175403623575
"82","2191",298434,191990,2,18,312.4,1428.750029,25.5287878787879,"H","Moist","Very Poor","1983",4.90625,2.61064818169194,7.66216428571429,2.04479517306208,-3.46838501332856,51.6175403623575
"83","2191",298434,191990,2,18,312.4,1428.750029,25.5287878787879,"H","Moist","Very Poor","1984",5.5375,2.34249409207976,8.76966428571429,2.51329399147803,-3.46838501332856,51.6175403623575
"84","2191",298434,191990,2,18,312.4,1428.750029,25.5287878787879,"H","Moist","Very Poor","1985",7.095,1.63610163847744,10.1886642857143,2.84051431917352,-3.46838501332856,51.6175403623575
"85","2191",298434,191990,2,18,312.4,1428.750029,25.5287878787879,"H","Moist","Very Poor","1986",7.305,1.04082384951263,11.6496642857143,3.04867908907604,-3.46838501332856,51.6175403623575
"86","2191",298434,191990,2,18,312.4,1428.750029,25.5287878787879,"H","Moist","Very Poor","1987",7.46375,1.13463571875986,13.1424142857143,3.27560623282802,-3.46838501332856,51.6175403623575
"87","2191",298434,191990,2,18,312.4,1428.750029,25.5287878787879,"H","Moist","Very Poor","1988",3.9,1.21926207191071,13.9224142857143,3.51945864721016,-3.46838501332856,51.6175403623575
"88","2191",298434,191990,2,18,312.4,1428.750029,25.5287878787879,"H","Moist","Very Poor","1989",4.33375,1.7994518014424,14.7891642857143,3.87934900749864,-3.46838501332856,51.6175403623575
"89","2191",298434,191990,2,18,312.4,1428.750029,25.5287878787879,"H","Moist","Very Poor","1990",5.34625,1.83045612972755,15.8584142857143,4.24544023344415,-3.46838501332856,51.6175403623575
"90","2191",298434,191990,2,18,312.4,1428.750029,25.5287878787879,"H","Moist","Very Poor","1991",5.22375,1.83662685766209,16.9031642857143,4.61276560497657,-3.46838501332856,51.6175403623575
"91","2191",298434,191990,2,18,312.4,1428.750029,25.5287878787879,"H","Moist","Very Poor","1992",4.52125,1.56556185715271,17.8074142857143,4.92587797640711,-3.46838501332856,51.6175403623575
"92","2191",298434,191990,2,18,312.4,1428.750029,25.5287878787879,"H","Moist","Very Poor","1993",3.91125,1.47021317696254,18.5896642857143,5.21992061179961,-3.46838501332856,51.6175403623575
"93","2191",298434,191990,2,18,312.4,1428.750029,25.5287878787879,"H","Moist","Very Poor","1994",3.105,1.22806467954374,19.2106642857143,5.46553354770836,-3.46838501332856,51.6175403623575
"94","2191",298434,191990,2,18,312.4,1428.750029,25.5287878787879,"H","Moist","Very Poor","1995",2.88,1.47472031246606,19.7866642857143,5.76047761020157,-3.46838501332856,51.6175403623575
"95","2191",298434,191990,2,18,312.4,1428.750029,25.5287878787879,"H","Moist","Very Poor","1996",3.23125,1.39636709766042,20.4329142857143,6.03975102973366,-3.46838501332856,51.6175403623575
"96","2191",298434,191990,2,18,312.4,1428.750029,25.5287878787879,"H","Moist","Very Poor","1997",3.31375,1.53871873880279,21.0956642857143,6.34749477749422,-3.46838501332856,51.6175403623575
"97","2191",298434,191990,2,18,312.4,1428.750029,25.5287878787879,"H","Moist","Very Poor","1998",3.29625,1.39646428525759,21.7549142857143,6.62678763454573,-3.46838501332856,51.6175403623575
"98","2191",298434,191990,2,18,312.4,1428.750029,25.5287878787879,"H","Moist","Very Poor","1999",2.45875,0.877747726529993,22.2466642857143,6.80233717985173,-3.46838501332856,51.6175403623575
"99","2191",298434,191990,2,18,312.4,1428.750029,25.5287878787879,"H","Moist","Very Poor","2000",2.525,1.09174827030515,22.7516642857143,7.02068683391276,-3.46838501332856,51.6175403623575
"100","2191",298434,191990,2,18,312.4,1428.750029,25.5287878787879,"H","Moist","Very Poor","2001",2.69875,0.987629738312896,23.2914142857143,7.21821278157534,-3.46838501332856,51.6175403623575
"101","2191",298434,191990,2,18,312.4,1428.750029,25.5287878787879,"H","Moist","Very Poor","2002",3.39375,1.72582847599969,23.9701642857143,7.56337847677528,-3.46838501332856,51.6175403623575
"102","2191",298434,191990,2,18,312.4,1428.750029,25.5287878787879,"H","Moist","Very Poor","2003",2.99375,1.09228381319666,24.5689142857143,7.78183523941461,-3.46838501332856,51.6175403623575
"103","2191",298434,191990,2,18,312.4,1428.750029,25.5287878787879,"H","Moist","Very Poor","2004",3.22,1.32062755645077,25.2129142857143,8.04596075070477,-3.46838501332856,51.6175403623575
"104","2191",298434,191990,2,18,312.4,1428.750029,25.5287878787879,"H","Moist","Very Poor","2005",2.63375,1.1018029056311,25.7396642857143,8.26632133183099,-3.46838501332856,51.6175403623575
"105","2191",298434,191990,2,18,312.4,1428.750029,25.5287878787879,"H","Moist","Very Poor","2006",2.26375,0.850040965399399,26.1924142857143,8.43632952491087,-3.46838501332856,51.6175403623575
"106","2191",298434,191990,2,18,312.4,1428.750029,25.5287878787879,"H","Moist","Very Poor","2007",2.23,0.823390204320788,26.6384142857143,8.60100756577502,-3.46838501332856,51.6175403623575
"107","2191",298434,191990,2,18,312.4,1428.750029,25.5287878787879,"H","Moist","Very Poor","2008",1.955,0.826299841807699,27.0294142857143,8.76626753413657,-3.46838501332856,51.6175403623575
"108","2191",298434,191990,2,18,312.4,1428.750029,25.5287878787879,"H","Moist","Very Poor","2009",1.94375,0.987680363275488,27.4181642857143,8.96380360679166,-3.46838501332856,51.6175403623575
"109","2191",298434,191990,2,18,312.4,1428.750029,25.5287878787879,"H","Moist","Very Poor","2010",1.885,1.12291711944509,27.7951642857143,9.18838703068068,-3.46838501332856,51.6175403623575
"110","2191",298434,191990,2,18,312.4,1428.750029,25.5287878787879,"H","Moist","Very Poor","2011",1.90625,1.3559807994848,28.1764142857143,9.45958319057764,-3.46838501332856,51.6175403623575
"111","280",252241,923791,2.5,12,155,1393.312102,17.8859459459459,"L","Wet","Very Poor","1983",1.32666666666667,1.56844934037837,0.265333333333333,0.313689868075673,-4.51422584632632,58.1781511842952
"112","280",252241,923791,2.5,12,155,1393.312102,17.8859459459459,"L","Wet","Very Poor","1984",2.2875,1.53160863147215,0.722833333333333,0.620011594370104,-4.51422584632632,58.1781511842952
"113","280",252241,923791,2.5,12,155,1393.312102,17.8859459459459,"L","Wet","Very Poor","1985",4.528,2.32117857994597,1.62843333333333,1.0842473103593,-4.51422584632632,58.1781511842952
"114","280",252241,923791,2.5,12,155,1393.312102,17.8859459459459,"L","Wet","Very Poor","1986",7.18714285714286,4.01422767285611,3.0658619047619,1.88709284493052,-4.51422584632632,58.1781511842952
"115","280",252241,923791,2.5,12,155,1393.312102,17.8859459459459,"L","Wet","Very Poor","1987",9.3275,4.03834743428547,4.93136190476191,2.69476233178761,-4.51422584632632,58.1781511842952
"116","280",252241,923791,2.5,12,155,1393.312102,17.8859459459459,"L","Wet","Very Poor","1988",9.66555555555555,3.79119410974666,6.86447301587302,3.45300115373695,-4.51422584632632,58.1781511842952
"117","280",252241,923791,2.5,12,155,1393.312102,17.8859459459459,"L","Wet","Very Poor","1989",9.50444444444444,2.20794084562467,8.7653619047619,3.89458932286188,-4.51422584632632,58.1781511842952
"118","280",252241,923791,2.5,12,155,1393.312102,17.8859459459459,"L","Wet","Very Poor","1990",8.43777777777778,1.63322363577204,10.4529174603175,4.22123405001629,-4.51422584632632,58.1781511842952
"119","280",252241,923791,2.5,12,155,1393.312102,17.8859459459459,"L","Wet","Very Poor","1991",8.45666666666667,2.02948885190336,12.1442507936508,4.62713182039696,-4.51422584632632,58.1781511842952
"120","280",252241,923791,2.5,12,155,1393.312102,17.8859459459459,"L","Wet","Very Poor","1992",6.76333333333333,1.60738141086676,13.4969174603175,4.94860810257031,-4.51422584632632,58.1781511842952
"121","280",252241,923791,2.5,12,155,1393.312102,17.8859459459459,"L","Wet","Very Poor","1993",5.27888888888889,1.42715139740362,14.5526952380952,5.23403838205103,-4.51422584632632,58.1781511842952
"122","280",252241,923791,2.5,12,155,1393.312102,17.8859459459459,"L","Wet","Very Poor","1994",5.38222222222222,1.30084374328527,15.6291396825397,5.49420713070809,-4.51422584632632,58.1781511842952
"123","280",252241,923791,2.5,12,155,1393.312102,17.8859459459459,"L","Wet","Very Poor","1995",4.77,1.22504081564656,16.5831396825397,5.7392152938374,-4.51422584632632,58.1781511842952
"124","280",252241,923791,2.5,12,155,1393.312102,17.8859459459459,"L","Wet","Very Poor","1996",4.97111111111111,1.37904354938889,17.5773619047619,6.01502400371518,-4.51422584632632,58.1781511842952
"125","280",252241,923791,2.5,12,155,1393.312102,17.8859459459459,"L","Wet","Very Poor","1997",5.22111111111111,1.46366359219293,18.6215841269841,6.30775672215377,-4.51422584632632,58.1781511842952
"126","280",252241,923791,2.5,12,155,1393.312102,17.8859459459459,"L","Wet","Very Poor","1998",5.61,1.76848098660969,19.7435841269841,6.66145291947571,-4.51422584632632,58.1781511842952
"127","280",252241,923791,2.5,12,155,1393.312102,17.8859459459459,"L","Wet","Very Poor","1999",4.66666666666667,1.49698029379147,20.6769174603175,6.960848978234,-4.51422584632632,58.1781511842952
"128","280",252241,923791,2.5,12,155,1393.312102,17.8859459459459,"L","Wet","Very Poor","2000",4.52777777777778,2.08458495735829,21.582473015873,7.37776596970566,-4.51422584632632,58.1781511842952
"129","280",252241,923791,2.5,12,155,1393.312102,17.8859459459459,"L","Wet","Very Poor","2001",4.61222222222222,2.20410286612137,22.5049174603175,7.81858654292993,-4.51422584632632,58.1781511842952
"130","280",252241,923791,2.5,12,155,1393.312102,17.8859459459459,"L","Wet","Very Poor","2002",4.52666666666667,2.54878892809899,23.4102507936508,8.32834432854973,-4.51422584632632,58.1781511842952
"131","280",252241,923791,2.5,12,155,1393.312102,17.8859459459459,"L","Wet","Very Poor","2003",4.29222222222222,2.36004119549733,24.2686952380952,8.80035256764919,-4.51422584632632,58.1781511842952
"132","280",252241,923791,2.5,12,155,1393.312102,17.8859459459459,"L","Wet","Very Poor","2004",3.67333333333333,2.1651732032334,25.0033619047619,9.23338720829588,-4.51422584632632,58.1781511842952
"133","280",252241,923791,2.5,12,155,1393.312102,17.8859459459459,"L","Wet","Very Poor","2005",3.32333333333333,2.12834442701364,25.6680285714286,9.6590560936986,-4.51422584632632,58.1781511842952
"134","280",252241,923791,2.5,12,155,1393.312102,17.8859459459459,"L","Wet","Very Poor","2006",2.34555555555556,1.39400601784131,26.1371396825397,9.93785729726686,-4.51422584632632,58.1781511842952
"135","280",252241,923791,2.5,12,155,1393.312102,17.8859459459459,"L","Wet","Very Poor","2007",2.42777777777778,1.41297361774537,26.6226952380952,10.2204520208159,-4.51422584632632,58.1781511842952
"136","280",252241,923791,2.5,12,155,1393.312102,17.8859459459459,"L","Wet","Very Poor","2008",2.06333333333333,1.17834629884427,27.0353619047619,10.4561212805848,-4.51422584632632,58.1781511842952
"137","280",252241,923791,2.5,12,155,1393.312102,17.8859459459459,"L","Wet","Very Poor","2009",1.97111111111111,1.07279360135634,27.4295841269841,10.6706800008561,-4.51422584632632,58.1781511842952
"138","280",252241,923791,2.5,12,155,1393.312102,17.8859459459459,"L","Wet","Very Poor","2010",2.21333333333333,1.29213969832987,27.8722507936508,10.929107940522,-4.51422584632632,58.1781511842952
"139","4301",488364,485280,2,14,196,1044.984076,21.3013888888889,"1","Moist","Very Poor","1979",2.565,0.0212132034355966,0.513,0.00424264068711932,-0.645129945283909,54.255573939611
"140","4301",488364,485280,2,14,196,1044.984076,21.3013888888889,"1","Moist","Very Poor","1980",2.69,1.48256534425974,1.051,0.300755709539067,-0.645129945283909,54.255573939611
"141","4301",488364,485280,2,14,196,1044.984076,21.3013888888889,"1","Moist","Very Poor","1981",5.78166666666667,1.65497331297718,2.20733333333333,0.631750372134503,-0.645129945283909,54.255573939611
"142","4301",488364,485280,2,14,196,1044.984076,21.3013888888889,"1","Moist","Very Poor","1982",6.065,1.54374544533741,3.42033333333333,0.940499461201985,-0.645129945283909,54.255573939611
"143","4301",488364,485280,2,14,196,1044.984076,21.3013888888889,"1","Moist","Very Poor","1983",3.96166666666667,1.33520660074262,4.21266666666667,1.20754078135051,-0.645129945283909,54.255573939611
"144","4301",488364,485280,2,14,196,1044.984076,21.3013888888889,"1","Moist","Very Poor","1984",4.925,1.8643685258017,5.19766666666667,1.58041448651085,-0.645129945283909,54.255573939611
"145","4301",488364,485280,2,14,196,1044.984076,21.3013888888889,"1","Moist","Very Poor","1985",5.67285714285714,2.250856979654,6.33223809523809,2.03058588244165,-0.645129945283909,54.255573939611
"146","4301",488364,485280,2,14,196,1044.984076,21.3013888888889,"1","Moist","Very Poor","1986",4.62125,2.07974886876826,7.25648809523809,2.4465356561953,-0.645129945283909,54.255573939611
"147","4301",488364,485280,2,14,196,1044.984076,21.3013888888889,"1","Moist","Very Poor","1987",4.83375,1.63030179064228,8.2232380952381,2.77259601432376,-0.645129945283909,54.255573939611
"148","4301",488364,485280,2,14,196,1044.984076,21.3013888888889,"1","Moist","Very Poor","1988",5.02125,1.55455494320033,9.2274880952381,3.08350700296382,-0.645129945283909,54.255573939611
"149","4301",488364,485280,2,14,196,1044.984076,21.3013888888889,"1","Moist","Very Poor","1989",2.88888888888889,1.05054086598814,9.80526587301587,3.29361517616145,-0.645129945283909,54.255573939611
"150","4301",488364,485280,2,14,196,1044.984076,21.3013888888889,"1","Moist","Very Poor","1990",3.81555555555556,0.994812936072797,10.568376984127,3.49257776337601,-0.645129945283909,54.255573939611
"151","4301",488364,485280,2,14,196,1044.984076,21.3013888888889,"1","Moist","Very Poor","1991",4.20222222222222,1.11524411876703,11.4088214285714,3.71562658712942,-0.645129945283909,54.255573939611
"152","4301",488364,485280,2,14,196,1044.984076,21.3013888888889,"1","Moist","Very Poor","1992",4.22777777777778,1.18108824583282,12.254376984127,3.95184423629598,-0.645129945283909,54.255573939611
"153","4301",488364,485280,2,14,196,1044.984076,21.3013888888889,"1","Moist","Very Poor","1993",4.98444444444444,1.74003671736483,13.2512658730159,4.29985157976895,-0.645129945283909,54.255573939611
"154","4301",488364,485280,2,14,196,1044.984076,21.3013888888889,"1","Moist","Very Poor","1994",4.53333333333333,1.66210709642911,14.1579325396825,4.63227299905477,-0.645129945283909,54.255573939611
"155","4301",488364,485280,2,14,196,1044.984076,21.3013888888889,"1","Moist","Very Poor","1995",3.28333333333333,1.41732141732213,14.8145992063492,4.91573728251919,-0.645129945283909,54.255573939611
"156","4301",488364,485280,2,14,196,1044.984076,21.3013888888889,"1","Moist","Very Poor","1996",2.94444444444444,1.1776259073992,15.4034880952381,5.15126246399903,-0.645129945283909,54.255573939611
"157","4301",488364,485280,2,14,196,1044.984076,21.3013888888889,"1","Moist","Very Poor","1997",4.36222222222222,1.58697651036316,16.2759325396825,5.46865776607167,-0.645129945283909,54.255573939611
"158","4301",488364,485280,2,14,196,1044.984076,21.3013888888889,"1","Moist","Very Poor","1998",3.78,1.58423483107777,17.0319325396825,5.78550473228722,-0.645129945283909,54.255573939611
"159","4301",488364,485280,2,14,196,1044.984076,21.3013888888889,"1","Moist","Very Poor","1999",3.99222222222222,1.44242658199454,17.830376984127,6.07399004868613,-0.645129945283909,54.255573939611
"160","4301",488364,485280,2,14,196,1044.984076,21.3013888888889,"1","Moist","Very Poor","2000",3.99888888888889,1.29245352377217,18.6301547619048,6.33248075344056,-0.645129945283909,54.255573939611
"161","4301",488364,485280,2,14,196,1044.984076,21.3013888888889,"1","Moist","Very Poor","2001",3.98222222222222,1.48576392621589,19.4265992063492,6.62963353868374,-0.645129945283909,54.255573939611
"162","4301",488364,485280,2,14,196,1044.984076,21.3013888888889,"1","Moist","Very Poor","2002",3.91111111111111,1.77825366894353,20.2088214285714,6.98528427247244,-0.645129945283909,54.255573939611
"163","4301",488364,485280,2,14,196,1044.984076,21.3013888888889,"1","Moist","Very Poor","2003",3.23111111111111,1.24006496245604,20.8550436507937,7.23329726496365,-0.645129945283909,54.255573939611
"164","4301",488364,485280,2,14,196,1044.984076,21.3013888888889,"1","Moist","Very Poor","2004",3.79666666666667,1.57145633092364,21.614376984127,7.54758853114838,-0.645129945283909,54.255573939611
"165","4301",488364,485280,2,14,196,1044.984076,21.3013888888889,"1","Moist","Very Poor","2005",3.56555555555556,1.65595977541056,22.3274880952381,7.87878048623049,-0.645129945283909,54.255573939611
"166","4301",488364,485280,2,14,196,1044.984076,21.3013888888889,"1","Moist","Very Poor","2006",2.96666666666667,1.36180027904242,22.9208214285714,8.15114054203898,-0.645129945283909,54.255573939611
"167","4301",488364,485280,2,14,196,1044.984076,21.3013888888889,"1","Moist","Very Poor","2007",3.91111111111111,2.00000277777585,23.7030436507936,8.55114109759415,-0.645129945283909,54.255573939611
"168","4301",488364,485280,2,14,196,1044.984076,21.3013888888889,"1","Moist","Very Poor","2008",3.25,1.54419882139574,24.3530436507937,8.85998086187329,-0.645129945283909,54.255573939611
"169","4301",488364,485280,2,14,196,1044.984076,21.3013888888889,"1","Moist","Very Poor","2009",2.90888888888889,1.44089767544788,24.9348214285714,9.14816039696287,-0.645129945283909,54.255573939611
"170","4301",488364,485280,2,14,196,1044.984076,21.3013888888889,"1","Moist","Very Poor","2010",2.98555555555556,1.49901727067362,25.5319325396825,9.44796385109759,-0.645129945283909,54.255573939611
"171","4301",488364,485280,2,14,196,1044.984076,21.3013888888889,"1","Moist","Very Poor","2011",3.11888888888889,1.60141690733897,26.1557103174603,9.76824723256539,-0.645129945283909,54.255573939611
"172","461",172576,651283,2,14,78,1542.595541,25.2736543909348,"H","Very Moist","Very Poor","1972",0.165,0.0919238815542512,0.033,0.0183847763108502,-5.62099243648078,55.701508388666
"173","461",172576,651283,2,14,78,1542.595541,25.2736543909348,"H","Very Moist","Very Poor","1973",0.3,0.181934053986603,0.093,0.0547715871081707,-5.62099243648078,55.701508388666
"174","461",172576,651283,2,14,78,1542.595541,25.2736543909348,"H","Very Moist","Very Poor","1974",0.3,0.192006944318862,0.153,0.0931729759719432,-5.62099243648078,55.701508388666
"175","461",172576,651283,2,14,78,1542.595541,25.2736543909348,"H","Very Moist","Very Poor","1975",0.585,0.185626352808923,0.27,0.130298246533728,-5.62099243648078,55.701508388666
"176","461",172576,651283,2,14,78,1542.595541,25.2736543909348,"H","Very Moist","Very Poor","1976",0.61125,0.138506059692089,0.39225,0.157999458472146,-5.62099243648078,55.701508388666
"177","461",172576,651283,2,14,78,1542.595541,25.2736543909348,"H","Very Moist","Very Poor","1977",0.63,0.189887184552152,0.51825,0.195976895382576,-5.62099243648078,55.701508388666
"178","461",172576,651283,2,14,78,1542.595541,25.2736543909348,"H","Very Moist","Very Poor","1978",0.7,0.108759236060996,0.65825,0.217728742594775,-5.62099243648078,55.701508388666
"179","461",172576,651283,2,14,78,1542.595541,25.2736543909348,"H","Very Moist","Very Poor","1979",0.80125,0.0996332560658624,0.8185,0.237655393807948,-5.62099243648078,55.701508388666
"180","461",172576,651283,2,14,78,1542.595541,25.2736543909348,"H","Very Moist","Very Poor","1980",0.8375,0.182658932752509,0.986,0.27418718035845,-5.62099243648078,55.701508388666
"181","461",172576,651283,2,14,78,1542.595541,25.2736543909348,"H","Very Moist","Very Poor","1981",0.853333333333333,0.157321327225523,1.15666666666667,0.305651445803554,-5.62099243648078,55.701508388666
"182","461",172576,651283,2,14,78,1542.595541,25.2736543909348,"H","Very Moist","Very Poor","1982",0.802222222222222,0.141224801095432,1.31711111111111,0.333896406022641,-5.62099243648078,55.701508388666
"183","461",172576,651283,2,14,78,1542.595541,25.2736543909348,"H","Very Moist","Very Poor","1983",0.546666666666667,0.174857084500457,1.42644444444444,0.368867822922732,-5.62099243648078,55.701508388666
"184","461",172576,651283,2,14,78,1542.595541,25.2736543909348,"H","Very Moist","Very Poor","1984",0.496666666666667,0.196659604392971,1.52577777777778,0.408199743801326,-5.62099243648078,55.701508388666
"185","461",172576,651283,2,14,78,1542.595541,25.2736543909348,"H","Very Moist","Very Poor","1985",0.508888888888889,0.164350573808281,1.62755555555556,0.441069858562982,-5.62099243648078,55.701508388666
"186","461",172576,651283,2,14,78,1542.595541,25.2736543909348,"H","Very Moist","Very Poor","1986",0.434444444444444,0.200880008407451,1.71444444444444,0.481245860244473,-5.62099243648078,55.701508388666
"187","461",172576,651283,2,14,78,1542.595541,25.2736543909348,"H","Very Moist","Very Poor","1987",0.452222222222222,0.173981161176848,1.80488888888889,0.516042092479842,-5.62099243648078,55.701508388666
"188","461",172576,651283,2,14,78,1542.595541,25.2736543909348,"H","Very Moist","Very Poor","1988",0.408888888888889,0.159643700505567,1.88666666666667,0.547970832580956,-5.62099243648078,55.701508388666
"189","461",172576,651283,2,14,78,1542.595541,25.2736543909348,"H","Very Moist","Very Poor","1989",0.275555555555556,0.186152565864072,1.94177777777778,0.58520134575377,-5.62099243648078,55.701508388666
"190","461",172576,651283,2,14,78,1542.595541,25.2736543909348,"H","Very Moist","Very Poor","1990",0.228888888888889,0.103856204008769,1.98755555555556,0.605972586555524,-5.62099243648078,55.701508388666
"191","461",172576,651283,2,14,78,1542.595541,25.2736543909348,"H","Very Moist","Very Poor","1991",0.232222222222222,0.134329611197399,2.034,0.632838508795004,-5.62099243648078,55.701508388666
"192","461",172576,651283,2,14,78,1542.595541,25.2736543909348,"H","Very Moist","Very Poor","1992",0.321111111111111,0.139413453838254,2.09822222222222,0.660721199562655,-5.62099243648078,55.701508388666
"193","461",172576,651283,2,14,78,1542.595541,25.2736543909348,"H","Very Moist","Very Poor","1993",0.422222222222222,0.126469144238603,2.18266666666667,0.686015028410375,-5.62099243648078,55.701508388666
"194","461",172576,651283,2,14,78,1542.595541,25.2736543909348,"H","Very Moist","Very Poor","1994",0.408888888888889,0.122417772856359,2.26444444444444,0.710498582981647,-5.62099243648078,55.701508388666
"195","461",172576,651283,2,14,78,1542.595541,25.2736543909348,"H","Very Moist","Very Poor","1995",0.342222222222222,0.0902465758045392,2.33288888888889,0.728547898142555,-5.62099243648078,55.701508388666
"196","461",172576,651283,2,14,78,1542.595541,25.2736543909348,"H","Very Moist","Very Poor","1996",0.288888888888889,0.127027993415275,2.39066666666667,0.75395349682561,-5.62099243648078,55.701508388666
"197","461",172576,651283,2,14,78,1542.595541,25.2736543909348,"H","Very Moist","Very Poor","1997",0.318888888888889,0.123434643075237,2.45444444444444,0.778640425440657,-5.62099243648078,55.701508388666
"198","461",172576,651283,2,14,78,1542.595541,25.2736543909348,"H","Very Moist","Very Poor","1998",0.323333333333333,0.127279220613579,2.51911111111111,0.804096269563373,-5.62099243648078,55.701508388666
"199","461",172576,651283,2,14,78,1542.595541,25.2736543909348,"H","Very Moist","Very Poor","1999",0.332222222222222,0.129303690761109,2.58555555555556,0.829957007715595,-5.62099243648078,55.701508388666
"200","461",172576,651283,2,14,78,1542.595541,25.2736543909348,"H","Very Moist","Very Poor","2000",0.305555555555556,0.114685560458925,2.64666666666667,0.85289411980738,-5.62099243648078,55.701508388666
"201","461",172576,651283,2,14,78,1542.595541,25.2736543909348,"H","Very Moist","Very Poor","2001",0.237777777777778,0.127551732424317,2.69422222222222,0.878404466292243,-5.62099243648078,55.701508388666
"202","461",172576,651283,2,14,78,1542.595541,25.2736543909348,"H","Very Moist","Very Poor","2002",0.304444444444444,0.177137736741152,2.75511111111111,0.913832013640474,-5.62099243648078,55.701508388666
"203","461",172576,651283,2,14,78,1542.595541,25.2736543909348,"H","Very Moist","Very Poor","2003",0.227777777777778,0.159826294596491,2.80066666666667,0.945797272559772,-5.62099243648078,55.701508388666
"204","461",172576,651283,2,14,78,1542.595541,25.2736543909348,"H","Very Moist","Very Poor","2004",0.257777777777778,0.188731143281771,2.85222222222222,0.983543501216126,-5.62099243648078,55.701508388666
"205","461",172576,651283,2,14,78,1542.595541,25.2736543909348,"H","Very Moist","Very Poor","2005",0.291111111111111,0.211568218575265,2.91044444444444,1.02585714493118,-5.62099243648078,55.701508388666
"206","461",172576,651283,2,14,78,1542.595541,25.2736543909348,"H","Very Moist","Very Poor","2006",0.211111111111111,0.133083098517848,2.95266666666667,1.05247376463475,-5.62099243648078,55.701508388666
"207","461",172576,651283,2,14,78,1542.595541,25.2736543909348,"H","Very Moist","Very Poor","2007",0.226666666666667,0.132570735835629,2.998,1.07898791180187,-5.62099243648078,55.701508388666
"208","461",172576,651283,2,14,78,1542.595541,25.2736543909348,"H","Very Moist","Very Poor","2008",0.182222222222222,0.110088348359145,3.03444444444444,1.1010055814737,-5.62099243648078,55.701508388666
"209","461",172576,651283,2,14,78,1542.595541,25.2736543909348,"H","Very Moist","Very Poor","2009",0.155555555555556,0.0790745077618431,3.06555555555556,1.11682048302607,-5.62099243648078,55.701508388666
"210","461",172576,651283,2,14,78,1542.595541,25.2736543909348,"H","Very Moist","Very Poor","2010",0.151111111111111,0.0828318242652612,3.09577777777778,1.13338684787912,-5.62099243648078,55.701508388666
"211","6619",175038,666632,2,12,191,2687.101911,19.113881748072,"H","Very Moist","Very Poor","1970",2.11666666666667,0.555187655962678,0.423333333333333,0.111037531192536,-5.59455715657253,55.8402967990112
"212","6619",175038,666632,2,12,191,2687.101911,19.113881748072,"H","Very Moist","Very Poor","1971",3.16666666666667,0.623645198276499,1.05666666666667,0.235766570847835,-5.59455715657253,55.8402967990112
"213","6619",175038,666632,2,12,191,2687.101911,19.113881748072,"H","Very Moist","Very Poor","1972",2.598,0.891302417813393,1.57626666666667,0.414027054410514,-5.59455715657253,55.8402967990112
"214","6619",175038,666632,2,12,191,2687.101911,19.113881748072,"H","Very Moist","Very Poor","1973",3.725,0.891666978193092,2.32126666666667,0.592360450049132,-5.59455715657253,55.8402967990112
"215","6619",175038,666632,2,12,191,2687.101911,19.113881748072,"H","Very Moist","Very Poor","1974",3.83285714285714,1.46326933366935,3.0878380952381,0.885014316783002,-5.59455715657253,55.8402967990112
"216","6619",175038,666632,2,12,191,2687.101911,19.113881748072,"H","Very Moist","Very Poor","1975",4.71375,1.70957753762234,4.0305880952381,1.22692982430747,-5.59455715657253,55.8402967990112
"217","6619",175038,666632,2,12,191,2687.101911,19.113881748072,"H","Very Moist","Very Poor","1976",5.48875,1.68926389294272,5.1283380952381,1.56478260289601,-5.59455715657253,55.8402967990112
"218","6619",175038,666632,2,12,191,2687.101911,19.113881748072,"H","Very Moist","Very Poor","1977",5.4875,2.38230230779267,6.2258380952381,2.04124306445455,-5.59455715657253,55.8402967990112
"219","6619",175038,666632,2,12,191,2687.101911,19.113881748072,"H","Very Moist","Very Poor","1978",5.0525,1.46251984113525,7.23633809523809,2.3337470326816,-5.59455715657253,55.8402967990112
"220","6619",175038,666632,2,12,191,2687.101911,19.113881748072,"H","Very Moist","Very Poor","1979",4.875,1.50029520904578,8.21133809523809,2.63380607449075,-5.59455715657253,55.8402967990112
"221","6619",175038,666632,2,12,191,2687.101911,19.113881748072,"H","Very Moist","Very Poor","1980",4.66625,1.34594563146404,9.1445880952381,2.90299520078356,-5.59455715657253,55.8402967990112
"222","6619",175038,666632,2,12,191,2687.101911,19.113881748072,"H","Very Moist","Very Poor","1981",3.10625,0.960757699497047,9.7658380952381,3.09514674068297,-5.59455715657253,55.8402967990112
"223","6619",175038,666632,2,12,191,2687.101911,19.113881748072,"H","Very Moist","Very Poor","1982",2.97875,1.02263577512789,10.3615880952381,3.29967389570855,-5.59455715657253,55.8402967990112
"224","6619",175038,666632,2,12,191,2687.101911,19.113881748072,"H","Very Moist","Very Poor","1983",2.91,1.06730635580552,10.9435880952381,3.51313516686966,-5.59455715657253,55.8402967990112
"225","6619",175038,666632,2,12,191,2687.101911,19.113881748072,"H","Very Moist","Very Poor","1984",2.8875,0.677384676531733,11.5210880952381,3.648612102176,-5.59455715657253,55.8402967990112
"226","6619",175038,666632,2,12,191,2687.101911,19.113881748072,"H","Very Moist","Very Poor","1985",2.815,0.541584975524881,12.0840880952381,3.75692909728098,-5.59455715657253,55.8402967990112
"227","6619",175038,666632,2,12,191,2687.101911,19.113881748072,"H","Very Moist","Very Poor","1986",2.4975,0.421485468314152,12.5835880952381,3.84122619094381,-5.59455715657253,55.8402967990112
"228","6619",175038,666632,2,12,191,2687.101911,19.113881748072,"H","Very Moist","Very Poor","1987",2.02625,0.453082695069486,12.9888380952381,3.93184272995771,-5.59455715657253,55.8402967990112
"229","6619",175038,666632,2,12,191,2687.101911,19.113881748072,"H","Very Moist","Very Poor","1988",2.3225,0.455560878791973,13.4533380952381,4.0229549057161,-5.59455715657253,55.8402967990112
"230","6619",175038,666632,2,12,191,2687.101911,19.113881748072,"H","Very Moist","Very Poor","1989",1.88,0.687936874180431,13.8293380952381,4.16054228055219,-5.59455715657253,55.8402967990112
"231","6619",175038,666632,2,12,191,2687.101911,19.113881748072,"H","Very Moist","Very Poor","1990",1.5875,0.749928568026887,14.1468380952381,4.31052799415756,-5.59455715657253,55.8402967990112
"232","6619",175038,666632,2,12,191,2687.101911,19.113881748072,"H","Very Moist","Very Poor","1991",1.74,0.732412842206205,14.4948380952381,4.4570105625988,-5.59455715657253,55.8402967990112
"233","6619",175038,666632,2,12,191,2687.101911,19.113881748072,"H","Very Moist","Very Poor","1992",1.70625,0.57365837270228,14.8360880952381,4.57174223713926,-5.59455715657253,55.8402967990112
"234","6619",175038,666632,2,12,191,2687.101911,19.113881748072,"H","Very Moist","Very Poor","1993",1.475,0.527879856460864,15.1310880952381,4.67731820843143,-5.59455715657253,55.8402967990112
"235","6619",175038,666632,2,12,191,2687.101911,19.113881748072,"H","Very Moist","Very Poor","1994",1.81,0.65308061195712,15.4930880952381,4.80793433082286,-5.59455715657253,55.8402967990112
"236","6619",175038,666632,2,12,191,2687.101911,19.113881748072,"H","Very Moist","Very Poor","1995",1.83,0.542770669804477,15.8590880952381,4.91648846478375,-5.59455715657253,55.8402967990112
"237","6619",175038,666632,2,12,191,2687.101911,19.113881748072,"H","Very Moist","Very Poor","1996",1.66875,0.516151625009551,16.1928380952381,5.01971878978566,-5.59455715657253,55.8402967990112
"238","6619",175038,666632,2,12,191,2687.101911,19.113881748072,"H","Very Moist","Very Poor","1997",1.79875,0.445210624311685,16.5525880952381,5.108760914648,-5.59455715657253,55.8402967990112
"239","6619",175038,666632,2,12,191,2687.101911,19.113881748072,"H","Very Moist","Very Poor","1998",1.5175,0.221794628300275,16.8560880952381,5.15311984030806,-5.59455715657253,55.8402967990112
"240","6619",175038,666632,2,12,191,2687.101911,19.113881748072,"H","Very Moist","Very Poor","1999",1.63125,0.334511904550069,17.1823380952381,5.22002222121807,-5.59455715657253,55.8402967990112
"241","6619",175038,666632,2,12,191,2687.101911,19.113881748072,"H","Very Moist","Very Poor","2000",1.68125,0.334639998463167,17.5185880952381,5.2869502209107,-5.59455715657253,55.8402967990112
"242","6619",175038,666632,2,12,191,2687.101911,19.113881748072,"H","Very Moist","Very Poor","2001",1.51625,0.349895392530804,17.8218380952381,5.35692929941686,-5.59455715657253,55.8402967990112
"243","6619",175038,666632,2,12,191,2687.101911,19.113881748072,"H","Very Moist","Very Poor","2002",1.82125,0.376010543165253,18.1860880952381,5.43213140804991,-5.59455715657253,55.8402967990112
"244","6619",175038,666632,2,12,191,2687.101911,19.113881748072,"H","Very Moist","Very Poor","2003",1.7225,0.345574056565924,18.5305880952381,5.5012462193631,-5.59455715657253,55.8402967990112
"245","6619",175038,666632,2,12,191,2687.101911,19.113881748072,"H","Very Moist","Very Poor","2004",1.665,0.576690062833953,18.8635880952381,5.61658423192989,-5.59455715657253,55.8402967990112
"246","6619",175038,666632,2,12,191,2687.101911,19.113881748072,"H","Very Moist","Very Poor","2005",1.575,0.426111990644981,19.1785880952381,5.70180663005889,-5.59455715657253,55.8402967990112
"247","6619",175038,666632,2,12,191,2687.101911,19.113881748072,"H","Very Moist","Very Poor","2006",1.5,0.53777318638995,19.4785880952381,5.80936126733688,-5.59455715657253,55.8402967990112
"248","6619",175038,666632,2,12,191,2687.101911,19.113881748072,"H","Very Moist","Very Poor","2007",1.53,0.563433352631119,19.7845880952381,5.9220479378631,-5.59455715657253,55.8402967990112
"249","6619",175038,666632,2,12,191,2687.101911,19.113881748072,"H","Very Moist","Very Poor","2008",1.11875,0.414192415602769,20.0083380952381,6.00488642098365,-5.59455715657253,55.8402967990112
"250","6619",175038,666632,2,12,191,2687.101911,19.113881748072,"H","Very Moist","Very Poor","2009",1.19375,0.555156026974142,20.2470880952381,6.11591762637848,-5.59455715657253,55.8402967990112
"251","6619",175038,666632,2,12,191,2687.101911,19.113881748072,"H","Very Moist","Very Poor","2010",1.24125,0.608849911132222,20.4953380952381,6.23768760860493,-5.59455715657253,55.8402967990112
"252","7643",488167,494894,2,16,240,1149.098166,23.3059633027523,"1","Very Moist","Very Poor","1979",1.22666666666667,0.818311269220541,0.245333333333333,0.163662253844108,-0.645320378959044,54.3419867177062
"253","7643",488167,494894,2,16,240,1149.098166,23.3059633027523,"1","Very Moist","Very Poor","1980",2.596,1.18668867020799,0.764533333333333,0.400999987885706,-0.645320378959044,54.3419867177062
"254","7643",488167,494894,2,16,240,1149.098166,23.3059633027523,"1","Very Moist","Very Poor","1981",3.42714285714286,0.991458761719556,1.4499619047619,0.599291740229617,-0.645320378959044,54.3419867177062
"255","7643",488167,494894,2,16,240,1149.098166,23.3059633027523,"1","Very Moist","Very Poor","1982",3.06555555555556,1.72000807491645,2.06307301587302,0.943293355212906,-0.645320378959044,54.3419867177062
"256","7643",488167,494894,2,16,240,1149.098166,23.3059633027523,"1","Very Moist","Very Poor","1983",4.209,1.2750464043843,2.90487301587302,1.19830263608977,-0.645320378959044,54.3419867177062
"257","7643",488167,494894,2,16,240,1149.098166,23.3059633027523,"1","Very Moist","Very Poor","1984",6.774,1.55692146380106,4.25967301587302,1.50968692884998,-0.645320378959044,54.3419867177062
"258","7643",488167,494894,2,16,240,1149.098166,23.3059633027523,"1","Very Moist","Very Poor","1985",7.275,1.51197626377606,5.71467301587302,1.81208218160519,-0.645320378959044,54.3419867177062
"259","7643",488167,494894,2,16,240,1149.098166,23.3059633027523,"1","Very Moist","Very Poor","1986",7.119,0.970113968104321,7.13847301587302,2.00610497522606,-0.645320378959044,54.3419867177062
"260","7643",488167,494894,2,16,240,1149.098166,23.3059633027523,"1","Very Moist","Very Poor","1987",6.326,0.955721949336963,8.40367301587302,2.19724936509345,-0.645320378959044,54.3419867177062
"261","7643",488167,494894,2,16,240,1149.098166,23.3059633027523,"1","Very Moist","Very Poor","1988",6.695,1.16522053229802,9.74267301587302,2.43029347155305,-0.645320378959044,54.3419867177062
"262","7643",488167,494894,2,16,240,1149.098166,23.3059633027523,"1","Very Moist","Very Poor","1989",5.107,0.787302708972575,10.764073015873,2.58775401334757,-0.645320378959044,54.3419867177062
"263","7643",488167,494894,2,16,240,1149.098166,23.3059633027523,"1","Very Moist","Very Poor","1990",3.998,0.93057688201101,11.563673015873,2.77386938974977,-0.645320378959044,54.3419867177062
"264","7643",488167,494894,2,16,240,1149.098166,23.3059633027523,"1","Very Moist","Very Poor","1991",3.885,0.841575902696839,12.340673015873,2.94218457028914,-0.645320378959044,54.3419867177062
"265","7643",488167,494894,2,16,240,1149.098166,23.3059633027523,"1","Very Moist","Very Poor","1992",5.901,0.99413222907664,13.520873015873,3.14101101610447,-0.645320378959044,54.3419867177062
"266","7643",488167,494894,2,16,240,1149.098166,23.3059633027523,"1","Very Moist","Very Poor","1993",6.093,1.47987274227662,14.739473015873,3.43698556455979,-0.645320378959044,54.3419867177062
"267","7643",488167,494894,2,16,240,1149.098166,23.3059633027523,"1","Very Moist","Very Poor","1994",5.683,1.38458216721789,15.876073015873,3.71390199800337,-0.645320378959044,54.3419867177062
"268","7643",488167,494894,2,16,240,1149.098166,23.3059633027523,"1","Very Moist","Very Poor","1995",3.452,1.0699511930717,16.566473015873,3.92789223661771,-0.645320378959044,54.3419867177062
"269","7643",488167,494894,2,16,240,1149.098166,23.3059633027523,"1","Very Moist","Very Poor","1996",3.199,1.09231100577323,17.206273015873,4.14635443777235,-0.645320378959044,54.3419867177062
"270","7643",488167,494894,2,16,240,1149.098166,23.3059633027523,"1","Very Moist","Very Poor","1997",3.783,1.13865466426149,17.962873015873,4.37408537062465,-0.645320378959044,54.3419867177062
"271","7643",488167,494894,2,16,240,1149.098166,23.3059633027523,"1","Very Moist","Very Poor","1998",3.087,1.06984993755615,18.580273015873,4.58805535813588,-0.645320378959044,54.3419867177062
"272","7643",488167,494894,2,16,240,1149.098166,23.3059633027523,"1","Very Moist","Very Poor","1999",2.909,1.11629794907592,19.162073015873,4.81131494795107,-0.645320378959044,54.3419867177062
"273","7643",488167,494894,2,16,240,1149.098166,23.3059633027523,"1","Very Moist","Very Poor","2000",2.876,1.15260285152056,19.737273015873,5.04183551825518,-0.645320378959044,54.3419867177062
"274","7643",488167,494894,2,16,240,1149.098166,23.3059633027523,"1","Very Moist","Very Poor","2001",2.953,1.16453185634591,20.327873015873,5.27474188952436,-0.645320378959044,54.3419867177062
"275","7643",488167,494894,2,16,240,1149.098166,23.3059633027523,"1","Very Moist","Very Poor","2002",2.715,1.1151008922963,20.870873015873,5.49776206798362,-0.645320378959044,54.3419867177062
"276","7643",488167,494894,2,16,240,1149.098166,23.3059633027523,"1","Very Moist","Very Poor","2003",2.61,1.15901299005279,21.392873015873,5.72956466599418,-0.645320378959044,54.3419867177062
"277","7643",488167,494894,2,16,240,1149.098166,23.3059633027523,"1","Very Moist","Very Poor","2004",2.844,1.01310523748632,21.961673015873,5.93218571349144,-0.645320378959044,54.3419867177062
"278","7643",488167,494894,2,16,240,1149.098166,23.3059633027523,"1","Very Moist","Very Poor","2005",2.964,1.00410490819768,22.554473015873,6.13300669513098,-0.645320378959044,54.3419867177062
"279","7643",488167,494894,2,16,240,1149.098166,23.3059633027523,"1","Very Moist","Very Poor","2006",2.726,0.786019507815593,23.099673015873,6.2902105966941,-0.645320378959044,54.3419867177062
"280","7643",488167,494894,2,16,240,1149.098166,23.3059633027523,"1","Very Moist","Very Poor","2007",3.783,1.27439789704786,23.856273015873,6.54509017610367,-0.645320378959044,54.3419867177062
"281","7643",488167,494894,2,16,240,1149.098166,23.3059633027523,"1","Very Moist","Very Poor","2008",2.689,1.06261156277039,24.394073015873,6.75761248865775,-0.645320378959044,54.3419867177062
"282","7643",488167,494894,2,16,240,1149.098166,23.3059633027523,"1","Very Moist","Very Poor","2009",2.571,0.972721839879098,24.908273015873,6.95215685663357,-0.645320378959044,54.3419867177062
"283","7643",488167,494894,2,16,240,1149.098166,23.3059633027523,"1","Very Moist","Very Poor","2010",2.692,0.903287821731749,25.446673015873,7.13281442097992,-0.645320378959044,54.3419867177062
"284","7643",488167,494894,2,16,240,1149.098166,23.3059633027523,"1","Very Moist","Very Poor","2011",2.863,0.620842617380247,26.019273015873,7.25698294445596,-0.645320378959044,54.3419867177062
"285","9004",461550,499113,2,12,350,1741.640127,23.6173913043478,"-1","Very Wet","Very Poor","1977",2.4625,1.2932983027902,0.4925,0.258659660558039,-1.05379692469472,54.3837981888506
"286","9004",461550,499113,2,12,350,1741.640127,23.6173913043478,"-1","Very Wet","Very Poor","1978",3.4716,0.575563463051643,1.18682,0.373772353168368,-1.05379692469472,54.3837981888506
"287","9004",461550,499113,2,12,350,1741.640127,23.6173913043478,"-1","Very Wet","Very Poor","1979",4.03283333333333,1.69892476780659,1.99338666666667,0.713557306729685,-1.05379692469472,54.3837981888506
"288","9004",461550,499113,2,12,350,1741.640127,23.6173913043478,"-1","Very Wet","Very Poor","1980",5.011,2.62144654723304,2.99558666666667,1.23784661617629,-1.05379692469472,54.3837981888506
"289","9004",461550,499113,2,12,350,1741.640127,23.6173913043478,"-1","Very Wet","Very Poor","1981",6.6603,1.85351186490223,4.32764666666667,1.60854898915674,-1.05379692469472,54.3837981888506
"290","9004",461550,499113,2,12,350,1741.640127,23.6173913043478,"-1","Very Wet","Very Poor","1982",8.9671,3.03588337684071,6.12106666666667,2.21572566452488,-1.05379692469472,54.3837981888506
"291","9004",461550,499113,2,12,350,1741.640127,23.6173913043478,"-1","Very Wet","Very Poor","1983",8.189,2.096842176014,7.75886666666667,2.63509409972768,-1.05379692469472,54.3837981888506
"292","9004",461550,499113,2,12,350,1741.640127,23.6173913043478,"-1","Very Wet","Very Poor","1984",7.8762,1.78029259767414,9.33410666666667,2.99115261926251,-1.05379692469472,54.3837981888506
"293","9004",461550,499113,2,12,350,1741.640127,23.6173913043478,"-1","Very Wet","Very Poor","1985",7.4064,1.57186946022881,10.8153866666667,3.30552651130827,-1.05379692469472,54.3837981888506
"294","9004",461550,499113,2,12,350,1741.640127,23.6173913043478,"-1","Very Wet","Very Poor","1986",6.5092,1.47116422529158,12.1172266666667,3.59975935636659,-1.05379692469472,54.3837981888506
"295","9004",461550,499113,2,12,350,1741.640127,23.6173913043478,"-1","Very Wet","Very Poor","1987",5.7773,1.28618722069016,13.2726866666667,3.85699680050462,-1.05379692469472,54.3837981888506
"296","9004",461550,499113,2,12,350,1741.640127,23.6173913043478,"-1","Very Wet","Very Poor","1988",4.8695,0.966766345435476,14.2465866666667,4.05035006959171,-1.05379692469472,54.3837981888506
"297","9004",461550,499113,2,12,350,1741.640127,23.6173913043478,"-1","Very Wet","Very Poor","1989",3.1825,0.948009288515208,14.8830866666667,4.23995192729475,-1.05379692469472,54.3837981888506
"298","9004",461550,499113,2,12,350,1741.640127,23.6173913043478,"-1","Very Wet","Very Poor","1990",2.9703,1.01298009742432,15.4771466666667,4.44254794677962,-1.05379692469472,54.3837981888506
"299","9004",461550,499113,2,12,350,1741.640127,23.6173913043478,"-1","Very Wet","Very Poor","1991",3.4612,1.44963817707883,16.1693866666667,4.73247558219538,-1.05379692469472,54.3837981888506
"300","9004",461550,499113,2,12,350,1741.640127,23.6173913043478,"-1","Very Wet","Very Poor","1992",3.1078,1.09921616517306,16.7909466666667,4.95231881523,-1.05379692469472,54.3837981888506
"301","9004",461550,499113,2,12,350,1741.640127,23.6173913043478,"-1","Very Wet","Very Poor","1993",2.9537,1.01589151323685,17.3816866666667,5.15549711787737,-1.05379692469472,54.3837981888506
"302","9004",461550,499113,2,12,350,1741.640127,23.6173913043478,"-1","Very Wet","Very Poor","1994",2.9389,0.794261844593946,17.9694666666667,5.31434948679616,-1.05379692469472,54.3837981888506
"303","9004",461550,499113,2,12,350,1741.640127,23.6173913043478,"-1","Very Wet","Very Poor","1995",3.0184,1.00684371511505,18.5731466666667,5.51571822981917,-1.05379692469472,54.3837981888506
"304","9004",461550,499113,2,12,350,1741.640127,23.6173913043478,"-1","Very Wet","Very Poor","1996",2.6442,1.1598457560287,19.1019866666667,5.7476873810249,-1.05379692469472,54.3837981888506
"305","9004",461550,499113,2,12,350,1741.640127,23.6173913043478,"-1","Very Wet","Very Poor","1997",2.8735,1.06972979454315,19.6766866666667,5.96163333993353,-1.05379692469472,54.3837981888506
"306","9004",461550,499113,2,12,350,1741.640127,23.6173913043478,"-1","Very Wet","Very Poor","1998",2.0264,0.821057069338734,20.0819666666667,6.12584475380128,-1.05379692469472,54.3837981888506
"307","9004",461550,499113,2,12,350,1741.640127,23.6173913043478,"-1","Very Wet","Very Poor","1999",2.0072,0.805305159551334,20.4834066666667,6.28690578571155,-1.05379692469472,54.3837981888506
"308","9004",461550,499113,2,12,350,1741.640127,23.6173913043478,"-1","Very Wet","Very Poor","2000",2.1354,0.530496664561721,20.9104866666667,6.39300511862389,-1.05379692469472,54.3837981888506
"309","9004",461550,499113,2,12,350,1741.640127,23.6173913043478,"-1","Very Wet","Very Poor","2001",2.3519,0.781611220492644,21.3808666666667,6.54932736272242,-1.05379692469472,54.3837981888506
"310","9004",461550,499113,2,12,350,1741.640127,23.6173913043478,"-1","Very Wet","Very Poor","2002",2.464,0.925004504493537,21.8736666666667,6.73432826362113,-1.05379692469472,54.3837981888506
"311","9004",461550,499113,2,12,350,1741.640127,23.6173913043478,"-1","Very Wet","Very Poor","2003",1.9706,0.865451353020171,22.2677866666667,6.90741853422516,-1.05379692469472,54.3837981888506
"312","9004",461550,499113,2,12,350,1741.640127,23.6173913043478,"-1","Very Wet","Very Poor","2004",2.1392,1.00986927646877,22.6956266666667,7.10939238951892,-1.05379692469472,54.3837981888506
"313","9004",461550,499113,2,12,350,1741.640127,23.6173913043478,"-1","Very Wet","Very Poor","2005",2.1452,1.19143926035325,23.1246666666667,7.34768024158957,-1.05379692469472,54.3837981888506
"314","9004",461550,499113,2,12,350,1741.640127,23.6173913043478,"-1","Very Wet","Very Poor","2006",1.7032,0.772723869035879,23.4653066666667,7.50222501539674,-1.05379692469472,54.3837981888506
"315","9004",461550,499113,2,12,350,1741.640127,23.6173913043478,"-1","Very Wet","Very Poor","2007",2.6259,1.51112544151702,23.9904866666667,7.80445010370015,-1.05379692469472,54.3837981888506
"316","9004",461550,499113,2,12,350,1741.640127,23.6173913043478,"-1","Very Wet","Very Poor","2008",2.0775,1.13264569825598,24.4059866666667,8.03097924335134,-1.05379692469472,54.3837981888506
"317","9004",461550,499113,2,12,350,1741.640127,23.6173913043478,"-1","Very Wet","Very Poor","2009",2.0471,0.861286821499603,24.8154066666667,8.20323660765126,-1.05379692469472,54.3837981888506
"318","9004",461550,499113,2,12,350,1741.640127,23.6173913043478,"-1","Very Wet","Very Poor","2010",1.8301,0.741730776255404,25.1814266666667,8.35158276290234,-1.05379692469472,54.3837981888506
"319","9004",461550,499113,2,12,350,1741.640127,23.6173913043478,"-1","Very Wet","Very Poor","2011",2.2781,1.10602546183269,25.6370466666667,8.57278785526888,-1.05379692469472,54.3837981888506
"320","9008",461860,499401,1.7,16,340,2562.612646,23.7569620253165,"-1","Very Wet","Very Poor","1972",2.766,1.51931892636141,0.5532,0.303863785272283,-1.04896464401759,54.386348624575
"321","9008",461860,499401,1.7,16,340,2562.612646,23.7569620253165,"-1","Very Wet","Very Poor","1973",3.24571428571429,1.17176301845918,1.20234285714286,0.538216388964119,-1.04896464401759,54.386348624575
"322","9008",461860,499401,1.7,16,340,2562.612646,23.7569620253165,"-1","Very Wet","Very Poor","1974",4.30142857142857,0.990781317470015,2.06262857142857,0.736372652458122,-1.04896464401759,54.386348624575
"323","9008",461860,499401,1.7,16,340,2562.612646,23.7569620253165,"-1","Very Wet","Very Poor","1975",5.99,1.59694350915384,3.26062857142857,1.05576135428889,-1.04896464401759,54.386348624575
"324","9008",461860,499401,1.7,16,340,2562.612646,23.7569620253165,"-1","Very Wet","Very Poor","1976",6.60777777777778,2.64630297669115,4.58218412698413,1.58502194962712,-1.04896464401759,54.386348624575
"325","9008",461860,499401,1.7,16,340,2562.612646,23.7569620253165,"-1","Very Wet","Very Poor","1977",7.46555555555556,2.41404800651888,6.07529523809524,2.0678315509309,-1.04896464401759,54.386348624575
"326","9008",461860,499401,1.7,16,340,2562.612646,23.7569620253165,"-1","Very Wet","Very Poor","1978",8.00222222222222,1.92267897591991,7.67573968253968,2.45236734611488,-1.04896464401759,54.386348624575
"327","9008",461860,499401,1.7,16,340,2562.612646,23.7569620253165,"-1","Very Wet","Very Poor","1979",7.01555555555556,1.24839007436689,9.07885079365079,2.70204536098826,-1.04896464401759,54.386348624575
"328","9008",461860,499401,1.7,16,340,2562.612646,23.7569620253165,"-1","Very Wet","Very Poor","1980",5.87777777777778,1.39045655971139,10.2544063492063,2.98013667293054,-1.04896464401759,54.386348624575
"329","9008",461860,499401,1.7,16,340,2562.612646,23.7569620253165,"-1","Very Wet","Very Poor","1981",5.02,1.57774364204075,11.2584063492063,3.29568540133869,-1.04896464401759,54.386348624575
"330","9008",461860,499401,1.7,16,340,2562.612646,23.7569620253165,"-1","Very Wet","Very Poor","1982",4.81222222222222,1.45141980296689,12.2208507936508,3.58596936193206,-1.04896464401759,54.386348624575
"331","9008",461860,499401,1.7,16,340,2562.612646,23.7569620253165,"-1","Very Wet","Very Poor","1983",3.98,1.05666929547517,13.0168507936508,3.7973032210271,-1.04896464401759,54.386348624575
"332","9008",461860,499401,1.7,16,340,2562.612646,23.7569620253165,"-1","Very Wet","Very Poor","1984",3.33222222222222,1.07414824137288,13.6832952380952,4.01213286930167,-1.04896464401759,54.386348624575
"333","9008",461860,499401,1.7,16,340,2562.612646,23.7569620253165,"-1","Very Wet","Very Poor","1985",3.11666666666667,1.21731261391641,14.3066285714286,4.25559539208496,-1.04896464401759,54.386348624575
"334","9008",461860,499401,1.7,16,340,2562.612646,23.7569620253165,"-1","Very Wet","Very Poor","1986",3.09777777777778,1.3614126650081,14.9261841269841,4.52787792508657,-1.04896464401759,54.386348624575
"335","9008",461860,499401,1.7,16,340,2562.612646,23.7569620253165,"-1","Very Wet","Very Poor","1987",2.70888888888889,1.22825531185951,15.4679619047619,4.77352898745848,-1.04896464401759,54.386348624575
"336","9008",461860,499401,1.7,16,340,2562.612646,23.7569620253165,"-1","Very Wet","Very Poor","1988",2.53888888888889,0.958194192797635,15.9757396825397,4.965167826018,-1.04896464401759,54.386348624575
"337","9008",461860,499401,1.7,16,340,2562.612646,23.7569620253165,"-1","Very Wet","Very Poor","1989",1.79333333333333,0.742866071374915,16.3344063492064,5.11374104029299,-1.04896464401759,54.386348624575
"338","9008",461860,499401,1.7,16,340,2562.612646,23.7569620253165,"-1","Very Wet","Very Poor","1990",1.82222222222222,0.663188845235235,16.6988507936508,5.24637880934003,-1.04896464401759,54.386348624575
"339","9008",461860,499401,1.7,16,340,2562.612646,23.7569620253165,"-1","Very Wet","Very Poor","1991",1.11777777777778,0.423047803970715,16.9224063492063,5.33098837013418,-1.04896464401759,54.386348624575
"340","9008",461860,499401,1.7,16,340,2562.612646,23.7569620253165,"-1","Very Wet","Very Poor","1992",1.09666666666667,0.444831428745767,17.1417396825397,5.41995465588333,-1.04896464401759,54.386348624575
"341","9008",461860,499401,1.7,16,340,2562.612646,23.7569620253165,"-1","Very Wet","Very Poor","1993",1.18444444444444,0.364729732511318,17.3786285714286,5.49290060238559,-1.04896464401759,54.386348624575
"342","9008",461860,499401,1.7,16,340,2562.612646,23.7569620253165,"-1","Very Wet","Very Poor","1994",1.05333333333333,0.357351367704113,17.5892952380952,5.56437087592642,-1.04896464401759,54.386348624575
"343","9008",461860,499401,1.7,16,340,2562.612646,23.7569620253165,"-1","Very Wet","Very Poor","1995",1.25777777777778,0.414722129195495,17.8408507936508,5.64731530176552,-1.04896464401759,54.386348624575
"344","9008",461860,499401,1.7,16,340,2562.612646,23.7569620253165,"-1","Very Wet","Very Poor","1996",1.41,0.54888523390596,18.1228507936508,5.75709234854671,-1.04896464401759,54.386348624575
"345","9008",461860,499401,1.7,16,340,2562.612646,23.7569620253165,"-1","Very Wet","Very Poor","1997",1.96888888888889,0.663710110749498,18.5166285714286,5.88983437069661,-1.04896464401759,54.386348624575
"346","9008",461860,499401,1.7,16,340,2562.612646,23.7569620253165,"-1","Very Wet","Very Poor","1998",1.68888888888889,0.483410913314037,18.8544063492064,5.98651655335941,-1.04896464401759,54.386348624575
"347","9008",461860,499401,1.7,16,340,2562.612646,23.7569620253165,"-1","Very Wet","Very Poor","1999",1.42222222222222,0.696487217717917,19.1388507936508,6.125813996903,-1.04896464401759,54.386348624575
"348","9008",461860,499401,1.7,16,340,2562.612646,23.7569620253165,"-1","Very Wet","Very Poor","2000",1.36222222222222,0.645460645155415,19.4112952380952,6.25490612593408,-1.04896464401759,54.386348624575
"349","9008",461860,499401,1.7,16,340,2562.612646,23.7569620253165,"-1","Very Wet","Very Poor","2001",1.33111111111111,0.593831719522552,19.6775174603175,6.37367246983859,-1.04896464401759,54.386348624575
"350","9008",461860,499401,1.7,16,340,2562.612646,23.7569620253165,"-1","Very Wet","Very Poor","2002",1.58555555555556,0.727239835114784,19.9946285714286,6.51912043686155,-1.04896464401759,54.386348624575
"351","9008",461860,499401,1.7,16,340,2562.612646,23.7569620253165,"-1","Very Wet","Very Poor","2003",1.48777777777778,0.83755265174462,20.2921841269841,6.68663096721047,-1.04896464401759,54.386348624575
"352","9008",461860,499401,1.7,16,340,2562.612646,23.7569620253165,"-1","Very Wet","Very Poor","2004",1.96555555555556,1.16876121503829,20.6852952380952,6.92038321021813,-1.04896464401759,54.386348624575
"353","9008",461860,499401,1.7,16,340,2562.612646,23.7569620253165,"-1","Very Wet","Very Poor","2005",2.04666666666667,0.944761874759984,21.0946285714286,7.10933558517013,-1.04896464401759,54.386348624575
"354","9008",461860,499401,1.7,16,340,2562.612646,23.7569620253165,"-1","Very Wet","Very Poor","2006",1.65111111111111,0.9167802959876,21.4248507936508,7.29269164436765,-1.04896464401759,54.386348624575
"355","9008",461860,499401,1.7,16,340,2562.612646,23.7569620253165,"-1","Very Wet","Very Poor","2007",2.42888888888889,1.1498091629097,21.9106285714286,7.52265347694959,-1.04896464401759,54.386348624575
"356","9008",461860,499401,1.7,16,340,2562.612646,23.7569620253165,"-1","Very Wet","Very Poor","2008",2.01777777777778,1.09892877132435,22.3141841269841,7.74243923121446,-1.04896464401759,54.386348624575
"357","9008",461860,499401,1.7,16,340,2562.612646,23.7569620253165,"-1","Very Wet","Very Poor","2009",2.08,1.35882302011704,22.7301841269841,8.01420383523786,-1.04896464401759,54.386348624575
"358","9008",461860,499401,1.7,16,340,2562.612646,23.7569620253165,"-1","Very Wet","Very Poor","2010",2.07555555555556,1.29645778094691,23.1452952380952,8.27349539142725,-1.04896464401759,54.386348624575
"359","9008",461860,499401,1.7,16,340,2562.612646,23.7569620253165,"-1","Very Wet","Very Poor","2011",2.16555555555556,1.29824026196147,23.5784063492064,8.53314344381954,-1.04896464401759,54.386348624575
"360","EXM7",269680,133212,2,18,183,669.0340063,26.0165413533835,"H","Fresh","Poor","1973",1.79666666666667,0.686318196368613,0.359333333333333,0.137263639273723,-3.86194269488832,51.0833810882978
"361","EXM7",269680,133212,2,18,183,669.0340063,26.0165413533835,"H","Fresh","Poor","1974",3.13757142857143,1.2583541972411,0.986847619047619,0.388934478721942,-3.86194269488832,51.0833810882978
"362","EXM7",269680,133212,2,18,183,669.0340063,26.0165413533835,"H","Fresh","Poor","1975",2.839,1.14678129272034,1.55464761904762,0.61829073726601,-3.86194269488832,51.0833810882978
"363","EXM7",269680,133212,2,18,183,669.0340063,26.0165413533835,"H","Fresh","Poor","1976",2.62071428571429,0.870379172982617,2.07879047619048,0.792366571862533,-3.86194269488832,51.0833810882978
"364","EXM7",269680,133212,2,18,183,669.0340063,26.0165413533835,"H","Fresh","Poor","1977",3.47957142857143,1.72621743098823,2.77470476190476,1.13761005806018,-3.86194269488832,51.0833810882978
"365","EXM7",269680,133212,2,18,183,669.0340063,26.0165413533835,"H","Fresh","Poor","1978",4.9455,1.71208127310425,3.76380476190476,1.48002631268103,-3.86194269488832,51.0833810882978
"366","EXM7",269680,133212,2,18,183,669.0340063,26.0165413533835,"H","Fresh","Poor","1979",5.828,1.63489108418355,4.92940476190476,1.80700452951774,-3.86194269488832,51.0833810882978
"367","EXM7",269680,133212,2,18,183,669.0340063,26.0165413533835,"H","Fresh","Poor","1980",4.167375,1.17952931744586,5.76287976190476,2.04291039300691,-3.86194269488832,51.0833810882978
"368","EXM7",269680,133212,2,18,183,669.0340063,26.0165413533835,"H","Fresh","Poor","1981",5.072625,1.36916605874838,6.77740476190476,2.31674360475659,-3.86194269488832,51.0833810882978
"369","EXM7",269680,133212,2,18,183,669.0340063,26.0165413533835,"H","Fresh","Poor","1982",6.61825,1.90470250770485,8.10105476190476,2.69768410629756,-3.86194269488832,51.0833810882978
"370","EXM7",269680,133212,2,18,183,669.0340063,26.0165413533835,"H","Fresh","Poor","1983",4.29975,0.986026332595346,8.96100476190476,2.89488937281663,-3.86194269488832,51.0833810882978
"371","EXM7",269680,133212,2,18,183,669.0340063,26.0165413533835,"H","Fresh","Poor","1984",4.014375,1.46889792872071,9.76387976190476,3.18866895856077,-3.86194269488832,51.0833810882978
"372","EXM7",269680,133212,2,18,183,669.0340063,26.0165413533835,"H","Fresh","Poor","1985",5.983,1.60302615610066,10.9604797619048,3.5092741897809,-3.86194269488832,51.0833810882978
"373","EXM7",269680,133212,2,18,183,669.0340063,26.0165413533835,"H","Fresh","Poor","1986",6.830875,1.33475395672761,12.3266547619048,3.77622498112642,-3.86194269488832,51.0833810882978
"374","EXM7",269680,133212,2,18,183,669.0340063,26.0165413533835,"H","Fresh","Poor","1987",6.32475,1.68269212445839,13.5916047619048,4.1127634060181,-3.86194269488832,51.0833810882978
"375","EXM7",269680,133212,2,18,183,669.0340063,26.0165413533835,"H","Fresh","Poor","1988",5.499875,1.13758320731779,14.6915797619048,4.34028004748166,-3.86194269488832,51.0833810882978
"376","EXM7",269680,133212,2,18,183,669.0340063,26.0165413533835,"H","Fresh","Poor","1989",3.54575,0.981740546172969,15.4007297619048,4.53662815671625,-3.86194269488832,51.0833810882978
"377","EXM7",269680,133212,2,18,183,669.0340063,26.0165413533835,"H","Fresh","Poor","1990",3.64775,0.793205747043513,16.1302797619048,4.69526930612496,-3.86194269488832,51.0833810882978
"378","EXM7",269680,133212,2,18,183,669.0340063,26.0165413533835,"H","Fresh","Poor","1991",3.852125,1.03671782047272,16.9007047619048,4.9026128702195,-3.86194269488832,51.0833810882978
"379","EXM7",269680,133212,2,18,183,669.0340063,26.0165413533835,"H","Fresh","Poor","1992",4.293625,0.890116675738957,17.7594297619048,5.08063620536729,-3.86194269488832,51.0833810882978
"380","EXM7",269680,133212,2,18,183,669.0340063,26.0165413533835,"H","Fresh","Poor","1993",3.974875,0.693493112026768,18.5544047619048,5.21933482777264,-3.86194269488832,51.0833810882978
"381","EXM7",269680,133212,2,18,183,669.0340063,26.0165413533835,"H","Fresh","Poor","1994",3.03325,0.841711309518548,19.1610547619048,5.38767708967635,-3.86194269488832,51.0833810882978
"382","EXM7",269680,133212,2,18,183,669.0340063,26.0165413533835,"H","Fresh","Poor","1995",2.78125,0.528323155978287,19.7173047619048,5.49334172087201,-3.86194269488832,51.0833810882978
"383","EXM7",269680,133212,2,18,183,669.0340063,26.0165413533835,"H","Fresh","Poor","1996",2.372875,0.493856380944906,20.1918797619048,5.59211299706099,-3.86194269488832,51.0833810882978
"384","EXM7",269680,133212,2,18,183,669.0340063,26.0165413533835,"H","Fresh","Poor","1997",3.02475,0.743575675848992,20.7968297619048,5.74082813223079,-3.86194269488832,51.0833810882978
"385","EXM7",269680,133212,2,18,183,669.0340063,26.0165413533835,"H","Fresh","Poor","1998",4.158,1.37523161685587,21.6284297619048,6.01587445560196,-3.86194269488832,51.0833810882978
"386","EXM7",269680,133212,2,18,183,669.0340063,26.0165413533835,"H","Fresh","Poor","1999",4.106,1.17228592319207,22.4496297619048,6.25033164024038,-3.86194269488832,51.0833810882978
"387","EXM7",269680,133212,2,18,183,669.0340063,26.0165413533835,"H","Fresh","Poor","2000",3.61225,0.924068913632992,23.1720797619048,6.43514542296698,-3.86194269488832,51.0833810882978
"388","EXM7",269680,133212,2,18,183,669.0340063,26.0165413533835,"H","Fresh","Poor","2001",2.552,0.705605919962208,23.6824797619048,6.57626660695942,-3.86194269488832,51.0833810882978
"389","EXM7",269680,133212,2,18,183,669.0340063,26.0165413533835,"H","Fresh","Poor","2002",3.452,1.21036216539868,24.3728797619048,6.81833904003915,-3.86194269488832,51.0833810882978
"390","EXM7",269680,133212,2,18,183,669.0340063,26.0165413533835,"H","Fresh","Poor","2003",2.42925,0.704930543691059,24.8587297619048,6.95932514877737,-3.86194269488832,51.0833810882978
"391","EXM7",269680,133212,2,18,183,669.0340063,26.0165413533835,"H","Fresh","Poor","2004",2.112625,0.88788608302449,25.2812547619048,7.13690236538226,-3.86194269488832,51.0833810882978
"392","EXM7",269680,133212,2,18,183,669.0340063,26.0165413533835,"H","Fresh","Poor","2005",3.183375,1.44826555748592,25.9179297619048,7.42655547687945,-3.86194269488832,51.0833810882978
"393","EXM7",269680,133212,2,18,183,669.0340063,26.0165413533835,"H","Fresh","Poor","2006",2.858375,1.62901547282838,26.4896047619048,7.75235857144512,-3.86194269488832,51.0833810882978
"394","EXM7",269680,133212,2,18,183,669.0340063,26.0165413533835,"H","Fresh","Poor","2007",3.956125,2.34435561889768,27.2808297619048,8.22122969522466,-3.86194269488832,51.0833810882978
"395","EXM7",269680,133212,2,18,183,669.0340063,26.0165413533835,"H","Fresh","Poor","2008",3.09575,1.33083161433529,27.8999797619048,8.48739601809172,-3.86194269488832,51.0833810882978
"396","EXM7",269680,133212,2,18,183,669.0340063,26.0165413533835,"H","Fresh","Poor","2009",2.186125,1.29368581276246,28.3372047619048,8.74613318064421,-3.86194269488832,51.0833810882978
"397","EXM7",269680,133212,2,18,183,669.0340063,26.0165413533835,"H","Fresh","Poor","2010",2.17825,1.59542522321077,28.7728547619048,9.06521822528637,-3.86194269488832,51.0833810882978
"398","EXM7",269680,133212,2,18,183,669.0340063,26.0165413533835,"H","Fresh","Poor","2011",2.659375,2.05500927613478,29.3047297619048,9.47622008051332,-3.86194269488832,51.0833810882978
"399","FERN",266004,82670,2,18,425,678.5552091,23.912,"H","Moist","Very Poor","1975",2.82,1.06066017177982,0.564,0.212132034355964,-3.89587794194264,50.6282881626291
"400","FERN",266004,82670,2,18,425,678.5552091,23.912,"H","Moist","Very Poor","1976",3.63166666666667,1.64517982806338,1.29033333333333,0.541167999968641,-3.89587794194264,50.6282881626291
"401","FERN",266004,82670,2,18,425,678.5552091,23.912,"H","Moist","Very Poor","1977",5.80666666666667,1.64481812571076,2.45166666666667,0.870131625110794,-3.89587794194264,50.6282881626291
"402","FERN",266004,82670,2,18,425,678.5552091,23.912,"H","Moist","Very Poor","1978",8.87833333333333,1.95968790032155,4.22733333333333,1.2620692051751,-3.89587794194264,50.6282881626291
"403","FERN",266004,82670,2,18,425,678.5552091,23.912,"H","Moist","Very Poor","1979",7.22125,1.3255773674678,5.67158333333333,1.52718467866866,-3.89587794194264,50.6282881626291
"404","FERN",266004,82670,2,18,425,678.5552091,23.912,"H","Moist","Very Poor","1980",7.70444444444444,1.73091096760572,7.21247222222222,1.87336687218981,-3.89587794194264,50.6282881626291
"405","FERN",266004,82670,2,18,425,678.5552091,23.912,"H","Moist","Very Poor","1981",9.414,2.9953341494175,9.09527222222222,2.47243370207331,-3.89587794194264,50.6282881626291
"406","FERN",266004,82670,2,18,425,678.5552091,23.912,"H","Moist","Very Poor","1982",8.709,1.29550033234697,10.8370722222222,2.7315337685427,-3.89587794194264,50.6282881626291
"407","FERN",266004,82670,2,18,425,678.5552091,23.912,"H","Moist","Very Poor","1983",6.83,1.19288632223602,12.2030722222222,2.97011103298991,-3.89587794194264,50.6282881626291
"408","FERN",266004,82670,2,18,425,678.5552091,23.912,"H","Moist","Very Poor","1984",6.559,1.49680734305462,13.5148722222222,3.26947250160083,-3.89587794194264,50.6282881626291
"409","FERN",266004,82670,2,18,425,678.5552091,23.912,"H","Moist","Very Poor","1985",5.89,1.66389102207246,14.6928722222222,3.60225070601532,-3.89587794194264,50.6282881626291
"410","FERN",266004,82670,2,18,425,678.5552091,23.912,"H","Moist","Very Poor","1986",6.207,1.66584012838367,15.9342722222222,3.93541873169206,-3.89587794194264,50.6282881626291
"411","FERN",266004,82670,2,18,425,678.5552091,23.912,"H","Moist","Very Poor","1987",7.119,1.39113422948486,17.3580722222222,4.21364557758903,-3.89587794194264,50.6282881626291
"412","FERN",266004,82670,2,18,425,678.5552091,23.912,"H","Moist","Very Poor","1988",5.11,1.49904413988826,18.3800722222222,4.51345440556668,-3.89587794194264,50.6282881626291
"413","FERN",266004,82670,2,18,425,678.5552091,23.912,"H","Moist","Very Poor","1989",2.899,1.234696993868,18.9598722222222,4.76039380434028,-3.89587794194264,50.6282881626291
"414","FERN",266004,82670,2,18,425,678.5552091,23.912,"H","Moist","Very Poor","1990",3.232,1.78507267203452,19.6062722222222,5.11740833874718,-3.89587794194264,50.6282881626291
"415","FERN",266004,82670,2,18,425,678.5552091,23.912,"H","Moist","Very Poor","1991",4.133,1.88639014463546,20.4328722222222,5.49468636767427,-3.89587794194264,50.6282881626291
"416","FERN",266004,82670,2,18,425,678.5552091,23.912,"H","Moist","Very Poor","1992",4.765,1.40568093424108,21.3858722222222,5.77582255452249,-3.89587794194264,50.6282881626291
"417","FERN",266004,82670,2,18,425,678.5552091,23.912,"H","Moist","Very Poor","1993",4.494,1.22539064066208,22.2846722222222,6.02090068265491,-3.89587794194264,50.6282881626291
"418","FERN",266004,82670,2,18,425,678.5552091,23.912,"H","Moist","Very Poor","1994",3.48,0.888556882441036,22.9806722222222,6.19861205914311,-3.89587794194264,50.6282881626291
"419","FERN",266004,82670,2,18,425,678.5552091,23.912,"H","Moist","Very Poor","1995",2.598,0.973399541127212,23.5002722222222,6.39329196736856,-3.89587794194264,50.6282881626291
"420","FERN",266004,82670,2,18,425,678.5552091,23.912,"H","Moist","Very Poor","1996",3.092,1.3067585001743,24.1186722222222,6.65464366740342,-3.89587794194264,50.6282881626291
"421","FERN",266004,82670,2,18,425,678.5552091,23.912,"H","Moist","Very Poor","1997",3.713,1.89000911226492,24.8612722222222,7.0326454898564,-3.89587794194264,50.6282881626291
"422","FERN",266004,82670,2,18,425,678.5552091,23.912,"H","Moist","Very Poor","1998",3.598,1.96714005602041,25.5808722222222,7.42607350106048,-3.89587794194264,50.6282881626291
"423","FERN",266004,82670,2,18,425,678.5552091,23.912,"H","Moist","Very Poor","1999",3.643,2.00015027213235,26.3094722222222,7.82610355548695,-3.89587794194264,50.6282881626291
"424","FERN",266004,82670,2,18,425,678.5552091,23.912,"H","Moist","Very Poor","2000",3.292,1.94019930247728,26.9678722222222,8.21414341598241,-3.89587794194264,50.6282881626291
"425","FERN",266004,82670,2,18,425,678.5552091,23.912,"H","Moist","Very Poor","2001",2.784,1.72394379903239,27.5246722222222,8.55893217578889,-3.89587794194264,50.6282881626291
"426","FERN",266004,82670,2,18,425,678.5552091,23.912,"H","Moist","Very Poor","2002",3.111,2.07615269187986,28.1468722222222,8.97416271416486,-3.89587794194264,50.6282881626291
"427","FERN",266004,82670,2,18,425,678.5552091,23.912,"H","Moist","Very Poor","2003",2.658,1.67634390531564,28.6784722222222,9.30943149522799,-3.89587794194264,50.6282881626291
"428","FERN",266004,82670,2,18,425,678.5552091,23.912,"H","Moist","Very Poor","2004",2.476,1.49329017794786,29.1736722222222,9.60808953081756,-3.89587794194264,50.6282881626291
"429","FERN",266004,82670,2,18,425,678.5552091,23.912,"H","Moist","Very Poor","2005",2.633,1.77875143476166,29.7002722222222,9.96383981776989,-3.89587794194264,50.6282881626291
"430","FERN",266004,82670,2,18,425,678.5552091,23.912,"H","Moist","Very Poor","2006",2.962,1.918186643682,30.2926722222222,10.3474771465063,-3.89587794194264,50.6282881626291
"431","FERN",266004,82670,2,18,425,678.5552091,23.912,"H","Moist","Very Poor","2007",3.786,2.41245011462529,31.0498722222222,10.8299671694313,-3.89587794194264,50.6282881626291
"432","FERN",266004,82670,2,18,425,678.5552091,23.912,"H","Moist","Very Poor","2008",3.233,1.75981091155966,31.6964722222222,11.1819293517433,-3.89587794194264,50.6282881626291
"433","FERN",266004,82670,2,18,425,678.5552091,23.912,"H","Moist","Very Poor","2009",2.995,1.14301015840727,32.2954722222222,11.4105313834247,-3.89587794194264,50.6282881626291
"434","FERN",266004,82670,2,18,425,678.5552091,23.912,"H","Moist","Very Poor","2010",3.157,1.48912390350837,32.9268722222222,11.7083561641264,-3.89587794194264,50.6282881626291
"435","FERN",266004,82670,2,18,425,678.5552091,23.912,"H","Moist","Very Poor","2011",3.473,1.88046123183767,33.6214722222222,12.0844484104939,-3.89587794194264,50.6282881626291
"436","QUA6",316574,135751,2,14,285,1025.852143,21.3276119402985,"1","Slightly Dry","Very Poor","1976",0.81,0.461627555503352,0.162,0.0923255111006703,-3.19322847913191,51.1149537152625
"437","QUA6",316574,135751,2,14,285,1025.852143,21.3276119402985,"1","Slightly Dry","Very Poor","1977",2.7225,1.16382630433698,0.7065,0.325090771968066,-3.19322847913191,51.1149537152625
"438","QUA6",316574,135751,2,14,285,1025.852143,21.3276119402985,"1","Slightly Dry","Very Poor","1978",6.202,1.7327348325696,1.9469,0.671637738481986,-3.19322847913191,51.1149537152625
"439","QUA6",316574,135751,2,14,285,1025.852143,21.3276119402985,"1","Slightly Dry","Very Poor","1979",4.895,1.74246664243537,2.9259,1.02013106696906,-3.19322847913191,51.1149537152625
"440","QUA6",316574,135751,2,14,285,1025.852143,21.3276119402985,"1","Slightly Dry","Very Poor","1980",3.325,1.36024630122636,3.5909,1.29218032721433,-3.19322847913191,51.1149537152625
"441","QUA6",316574,135751,2,14,285,1025.852143,21.3276119402985,"1","Slightly Dry","Very Poor","1981",3.855,2.1011357472975,4.3619,1.71240747667383,-3.19322847913191,51.1149537152625
"442","QUA6",316574,135751,2,14,285,1025.852143,21.3276119402985,"1","Slightly Dry","Very Poor","1982",5.68125,1.89137468902534,5.49815,2.0906824144789,-3.19322847913191,51.1149537152625
"443","QUA6",316574,135751,2,14,285,1025.852143,21.3276119402985,"1","Slightly Dry","Very Poor","1983",4.3825,1.46152317805774,6.37465,2.38298705009045,-3.19322847913191,51.1149537152625
"444","QUA6",316574,135751,2,14,285,1025.852143,21.3276119402985,"1","Slightly Dry","Very Poor","1984",3.43125,1.60402562768982,7.0609,2.70379217562841,-3.19322847913191,51.1149537152625
"445","QUA6",316574,135751,2,14,285,1025.852143,21.3276119402985,"1","Slightly Dry","Very Poor","1985",3.63625,1.61932911593483,7.78815,3.02765799881538,-3.19322847913191,51.1149537152625
"446","QUA6",316574,135751,2,14,285,1025.852143,21.3276119402985,"1","Slightly Dry","Very Poor","1986",5.16,1.93905720832132,8.82015,3.41546944047964,-3.19322847913191,51.1149537152625
"447","QUA6",316574,135751,2,14,285,1025.852143,21.3276119402985,"1","Slightly Dry","Very Poor","1987",5.17125,1.67357135235656,9.8544,3.75018371095096,-3.19322847913191,51.1149537152625
"448","QUA6",316574,135751,2,14,285,1025.852143,21.3276119402985,"1","Slightly Dry","Very Poor","1988",4.87125,1.68149964954756,10.82865,4.08648364086047,-3.19322847913191,51.1149537152625
"449","QUA6",316574,135751,2,14,285,1025.852143,21.3276119402985,"1","Slightly Dry","Very Poor","1989",4.29,1.22107680816097,11.68665,4.33069900249266,-3.19322847913191,51.1149537152625
"450","QUA6",316574,135751,2,14,285,1025.852143,21.3276119402985,"1","Slightly Dry","Very Poor","1990",3.3825,1.04506664175749,12.36315,4.53971233084416,-3.19322847913191,51.1149537152625
"451","QUA6",316574,135751,2,14,285,1025.852143,21.3276119402985,"1","Slightly Dry","Very Poor","1991",3.535,0.915111234456539,13.07015,4.72273457773547,-3.19322847913191,51.1149537152625
"452","QUA6",316574,135751,2,14,285,1025.852143,21.3276119402985,"1","Slightly Dry","Very Poor","1992",3.94625,1.16419116618731,13.8594,4.95557281097293,-3.19322847913191,51.1149537152625
"453","QUA6",316574,135751,2,14,285,1025.852143,21.3276119402985,"1","Slightly Dry","Very Poor","1993",3.3925,1.29909583942063,14.5379,5.21539197885706,-3.19322847913191,51.1149537152625
"454","QUA6",316574,135751,2,14,285,1025.852143,21.3276119402985,"1","Slightly Dry","Very Poor","1994",2.50125,0.682902157810954,15.03815,5.35197241041925,-3.19322847913191,51.1149537152625
"455","QUA6",316574,135751,2,14,285,1025.852143,21.3276119402985,"1","Slightly Dry","Very Poor","1995",2.2375,0.713977790771034,15.48565,5.49476796857345,-3.19322847913191,51.1149537152625
"456","QUA6",316574,135751,2,14,285,1025.852143,21.3276119402985,"1","Slightly Dry","Very Poor","1996",1.455,0.543848718460776,15.77665,5.60353771226561,-3.19322847913191,51.1149537152625
"457","QUA6",316574,135751,2,14,285,1025.852143,21.3276119402985,"1","Slightly Dry","Very Poor","1997",2.2325,1.16444652701862,16.22315,5.83642701766933,-3.19322847913191,51.1149537152625
"458","QUA6",316574,135751,2,14,285,1025.852143,21.3276119402985,"1","Slightly Dry","Very Poor","1998",3.465,1.29153286557375,16.91615,6.09473359078408,-3.19322847913191,51.1149537152625
"459","QUA6",316574,135751,2,14,285,1025.852143,21.3276119402985,"1","Slightly Dry","Very Poor","1999",4.54,1.71097298968411,17.82415,6.4369281887209,-3.19322847913191,51.1149537152625
"460","QUA6",316574,135751,2,14,285,1025.852143,21.3276119402985,"1","Slightly Dry","Very Poor","2000",3.57,0.973491507043443,18.53815,6.63162649012959,-3.19322847913191,51.1149537152625
"461","QUA6",316574,135751,2,14,285,1025.852143,21.3276119402985,"1","Slightly Dry","Very Poor","2001",3.1175,0.594035833454996,19.16165,6.75043365682059,-3.19322847913191,51.1149537152625
"462","QUA6",316574,135751,2,14,285,1025.852143,21.3276119402985,"1","Slightly Dry","Very Poor","2002",3.195,0.668067575709438,19.80065,6.88404717196248,-3.19322847913191,51.1149537152625
"463","QUA6",316574,135751,2,14,285,1025.852143,21.3276119402985,"1","Slightly Dry","Very Poor","2003",2.32625,0.653210478001868,20.2659,7.01468926756285,-3.19322847913191,51.1149537152625
"464","QUA6",316574,135751,2,14,285,1025.852143,21.3276119402985,"1","Slightly Dry","Very Poor","2004",2.6825,0.941696796820961,20.8024,7.20302862692705,-3.19322847913191,51.1149537152625
"465","QUA6",316574,135751,2,14,285,1025.852143,21.3276119402985,"1","Slightly Dry","Very Poor","2005",3.3425,0.971739971097501,21.4709,7.39737662114655,-3.19322847913191,51.1149537152625
"466","QUA6",316574,135751,2,14,285,1025.852143,21.3276119402985,"1","Slightly Dry","Very Poor","2006",2.64875,0.947469373798285,22.00065,7.5868704959062,-3.19322847913191,51.1149537152625
"467","QUA6",316574,135751,2,14,285,1025.852143,21.3276119402985,"1","Slightly Dry","Very Poor","2007",3.085,1.54526003359583,22.61765,7.89592250262537,-3.19322847913191,51.1149537152625
"468","QUA6",316574,135751,2,14,285,1025.852143,21.3276119402985,"1","Slightly Dry","Very Poor","2008",3.11,1.41741212879569,23.23965,8.17940492838451,-3.19322847913191,51.1149537152625
"469","QUA6",316574,135751,2,14,285,1025.852143,21.3276119402985,"1","Slightly Dry","Very Poor","2009",2.60625,1.41025770188086,23.7609,8.46145646876068,-3.19322847913191,51.1149537152625
"470","QUA6",316574,135751,2,14,285,1025.852143,21.3276119402985,"1","Slightly Dry","Very Poor","2010",1.8325,1.05972705380746,24.1274,8.67340187952217,-3.19322847913191,51.1149537152625
"471","QUA6",316574,135751,2,14,285,1025.852143,21.3276119402985,"1","Slightly Dry","Very Poor","2011",2.405,1.2182540199576,24.6084,8.91705268351369,-3.19322847913191,51.1149537152625
